coachId,teamId,leadership_score,points_scored
10001,200.0,71.0,39.0
10002,4400.0,63.0,33.0
10003,1200.0,73.0,38.0
10004,3410.0,83.0,43.0
10005,,62.0,34.0
10006,3000.0,62.0,35.0
10007,3800.0,84.0,38.0
10008,,74.0,36.0
10009,200.0,59.0,27.0
10010,810.0,72.0,44.0
10011,2700.0,59.0,23.0
10012,1200.0,59.0,39.0
10012,610.0,68.0,44.0
10013,,42.0,25.0
10014,3200.0,44.0,15.0
10015,3430.0,58.0,31.0
10016,610.0,53.0,31.0
10017,4500.0,69.0,33.0
10018,2510.0,54.0,29.0
10019,2510.0,48.0,37.0
10020,3430.0,83.0,47.0
10021,2250.0,62.0,30.0
10022,4500.0,66.0,28.0
10023,3800.0,48.0,28.0
10024,3000.0,58.0,32.0
10024,5110.0,66.0,39.0
10025,,51.0,28.0
10026,325.0,70.0,41.0
10027,920.0,58.0,43.0
10027,1200.0,61.0,38.0
10028,1050.0,58.0,33.0
10029,,87.0,44.0
10030,5110.0,65.0,34.0
10031,2520.0,52.0,37.0
10031,3300.0,75.0,37.0
10032,610.0,50.0,30.0
10033,750.0,68.0,37.0
10034,3800.0,41.0,24.0
10035,,49.0,23.0
10036,3800.0,67.0,38.0
10037,3430.0,74.0,39.0
10038,1200.0,67.0,39.0
10039,,64.0,33.0
10040,2700.0,61.0,41.0
10040,3410.0,47.0,24.0
10041,1540.0,56.0,41.0
10042,920.0,59.0,25.0
10043,3900.0,78.0,43.0
10044,610.0,69.0,40.0
10045,,44.0,24.0
10046,,69.0,40.0
10047,2200.0,60.0,40.0
10047,4500.0,57.0,22.0
10047,810.0,72.0,41.0
10048,3200.0,77.0,28.0
10049,,76.0,36.0
10050,4900.0,55.0,40.0
10050,1050.0,61.0,31.0
10050,1800.0,69.0,32.0
10051,,77.0,40.0
10052,325.0,59.0,44.0
10053,,63.0,26.0
10054,2520.0,52.0,26.0
10055,610.0,51.0,38.0
10056,2250.0,75.0,49.0
10057,3700.0,81.0,42.0
10057,3430.0,64.0,29.0
10057,610.0,77.0,51.0
10058,3700.0,69.0,46.0
10058,2520.0,57.0,36.0
10058,3430.0,69.0,34.0
10058,2100.0,83.0,43.0
10059,1540.0,65.0,35.0
10060,2510.0,84.0,45.0
10060,3430.0,34.0,31.0
10061,2200.0,75.0,44.0
10061,3800.0,66.0,31.0
10062,1400.0,61.0,41.0
10063,,66.0,38.0
10064,1400.0,41.0,30.0
10065,200.0,62.0,42.0
10066,4900.0,69.0,32.0
10067,2520.0,83.0,43.0
10068,810.0,59.0,31.0
10068,2700.0,55.0,24.0
10069,,59.0,35.0
10070,,76.0,53.0
10071,,69.0,28.0
10072,1050.0,59.0,33.0
10073,3430.0,71.0,42.0
10074,2520.0,66.0,37.0
10075,,77.0,40.0
10076,325.0,57.0,26.0
10077,2250.0,61.0,36.0
10077,4400.0,60.0,30.0
10077,2100.0,47.0,18.0
10078,3700.0,69.0,44.0
10079,325.0,68.0,42.0
10079,1540.0,65.0,36.0
10079,920.0,62.0,36.0
10080,3300.0,48.0,35.0
10081,,60.0,35.0
10082,1050.0,61.0,39.0
10083,325.0,55.0,31.0
10084,810.0,63.0,42.0
10084,1400.0,70.0,40.0
10085,3700.0,88.0,46.0
10085,4500.0,67.0,30.0
10086,4500.0,68.0,39.0
10087,810.0,64.0,31.0
10087,2250.0,42.0,24.0
10087,4400.0,65.0,32.0
10087,610.0,66.0,31.0
10088,1050.0,95.0,59.0
10088,610.0,63.0,42.0
10089,,69.0,47.0
10090,2510.0,65.0,30.0
10091,1050.0,51.0,31.0
10092,4900.0,79.0,35.0
10093,,74.0,36.0
10094,1200.0,74.0,35.0
10094,1050.0,54.0,38.0
10094,5110.0,82.0,41.0
10095,1200.0,48.0,35.0
10096,2310.0,72.0,42.0
10097,1800.0,91.0,58.0
10098,2200.0,53.0,24.0
10099,,58.0,39.0
10100,,66.0,42.0
10101,,59.0,29.0
10102,3700.0,46.0,33.0
10102,2200.0,66.0,38.0
10103,1540.0,52.0,30.0
10103,5110.0,71.0,34.0
10103,3300.0,54.0,28.0
10104,610.0,84.0,54.0
10105,,56.0,32.0
10106,4600.0,61.0,38.0
10107,,75.0,36.0
10108,325.0,50.0,26.0
10109,,68.0,43.0
10110,1400.0,81.0,36.0
10110,3000.0,46.0,26.0
10111,2700.0,67.0,37.0
10111,2120.0,68.0,38.0
10112,3700.0,74.0,39.0
10112,2510.0,50.0,32.0
10113,4600.0,49.0,33.0
10114,4900.0,71.0,42.0
10115,4400.0,69.0,33.0
10115,5110.0,68.0,36.0
10115,2510.0,69.0,44.0
10116,,57.0,37.0
10117,2510.0,68.0,30.0
10118,810.0,69.0,39.0
10118,3430.0,56.0,23.0
10119,,87.0,45.0
10120,,71.0,48.0
10121,,51.0,26.0
10122,3300.0,73.0,35.0
10123,,53.0,35.0
10124,3430.0,74.0,32.0
10124,2120.0,79.0,38.0
10125,,55.0,35.0
10126,1050.0,77.0,38.0
10126,1400.0,70.0,37.0
10127,750.0,75.0,44.0
10127,610.0,88.0,47.0
10128,1050.0,62.0,36.0
10129,750.0,56.0,31.0
10130,200.0,54.0,33.0
10131,1200.0,55.0,31.0
10132,,64.0,38.0
10133,4500.0,69.0,35.0
10134,2100.0,68.0,36.0
10135,3430.0,75.0,35.0
10136,,65.0,36.0
10137,,82.0,39.0
10138,1200.0,62.0,29.0
10139,4400.0,98.0,50.0
10140,,73.0,40.0
10141,2250.0,55.0,36.0
10142,3200.0,52.0,29.0
10143,3200.0,71.0,40.0
10144,3200.0,62.0,38.0
10145,750.0,74.0,42.0
10146,2120.0,71.0,34.0
10146,2100.0,64.0,36.0
10147,2250.0,55.0,34.0
10148,,47.0,29.0
10149,1400.0,60.0,24.0
10150,,75.0,41.0
10151,750.0,68.0,48.0
10152,1800.0,50.0,28.0
10152,2520.0,67.0,33.0
10153,2120.0,70.0,40.0
10153,2700.0,54.0,33.0
10153,2250.0,67.0,43.0
10153,4500.0,66.0,30.0
10154,1800.0,51.0,34.0
10155,2200.0,69.0,41.0
10155,2520.0,72.0,38.0
10156,,78.0,43.0
10157,3410.0,78.0,46.0
10158,2120.0,48.0,34.0
10159,2120.0,54.0,26.0
10160,325.0,71.0,43.0
10161,,71.0,38.0
10162,1050.0,71.0,39.0
10163,4600.0,100.0,50.0
10164,,72.0,38.0
10165,2200.0,79.0,48.0
10165,3800.0,76.0,40.0
10165,3410.0,73.0,34.0
10166,4600.0,61.0,32.0
10167,3700.0,74.0,40.0
10168,4500.0,56.0,39.0
10169,610.0,62.0,38.0
10169,3700.0,59.0,29.0
10169,4500.0,66.0,49.0
10169,920.0,93.0,49.0
10170,2310.0,43.0,34.0
10170,3900.0,73.0,38.0
10170,1050.0,46.0,31.0
10170,2700.0,59.0,38.0
10171,3800.0,78.0,47.0
10172,,66.0,42.0
10173,4900.0,52.0,35.0
10174,,56.0,31.0
10175,2310.0,73.0,36.0
10176,,56.0,34.0
10177,,68.0,42.0
10178,,66.0,35.0
10179,,57.0,38.0
10180,4400.0,91.0,54.0
10180,1200.0,73.0,35.0
10181,810.0,41.0,22.0
10181,325.0,67.0,36.0
10182,,57.0,34.0
10183,750.0,75.0,37.0
10184,325.0,55.0,39.0
10185,,64.0,38.0
10186,5110.0,71.0,39.0
10187,,75.0,33.0
10188,610.0,51.0,24.0
10189,2120.0,61.0,36.0
10190,,59.0,23.0
10191,,57.0,38.0
10192,2250.0,86.0,44.0
10192,2100.0,70.0,54.0
10193,1800.0,50.0,42.0
10194,3800.0,76.0,39.0
10194,3410.0,90.0,45.0
10195,2310.0,77.0,46.0
10196,3410.0,47.0,37.0
10197,1200.0,59.0,25.0
10198,3430.0,80.0,33.0
10199,2200.0,57.0,30.0
10200,1050.0,70.0,41.0
10200,4600.0,74.0,42.0
10201,1050.0,54.0,37.0
10202,610.0,64.0,30.0
10202,2510.0,26.0,9.0
10203,3410.0,53.0,35.0
10204,3410.0,62.0,31.0
10205,4500.0,50.0,20.0
10206,,85.0,45.0
10207,200.0,48.0,33.0
10208,,60.0,33.0
10209,,67.0,35.0
10210,2250.0,82.0,42.0
10210,1540.0,48.0,27.0
10211,,79.0,35.0
10212,2100.0,65.0,32.0
10213,200.0,53.0,34.0
10214,1200.0,71.0,40.0
10214,2520.0,67.0,38.0
10215,,58.0,28.0
10216,2510.0,66.0,35.0
10216,610.0,60.0,23.0
10217,1200.0,66.0,37.0
10217,4900.0,73.0,46.0
10217,2200.0,84.0,36.0
10218,2310.0,50.0,27.0
10219,4900.0,91.0,48.0
10219,2100.0,42.0,33.0
10220,2510.0,63.0,33.0
10221,2510.0,72.0,35.0
10222,2510.0,68.0,27.0
10222,4500.0,58.0,34.0
10223,2120.0,63.0,45.0
10223,2100.0,59.0,35.0
10224,3700.0,58.0,33.0
10224,3800.0,75.0,42.0
10224,3430.0,69.0,38.0
10225,3800.0,57.0,29.0
10225,610.0,76.0,45.0
10226,2200.0,69.0,39.0
10226,3430.0,75.0,40.0
10227,3200.0,73.0,34.0
10228,325.0,55.0,39.0
10229,,58.0,37.0
10230,2310.0,74.0,37.0
10231,,72.0,44.0
10232,,65.0,34.0
10233,4600.0,66.0,32.0
10234,4600.0,80.0,38.0
10234,2250.0,58.0,24.0
10234,4400.0,72.0,41.0
10235,,63.0,26.0
10236,3700.0,62.0,29.0
10237,2700.0,78.0,31.0
10238,3300.0,75.0,40.0
10239,2520.0,75.0,39.0
10240,200.0,81.0,41.0
10241,610.0,65.0,31.0
10242,2310.0,73.0,33.0
10243,920.0,61.0,37.0
10243,1050.0,69.0,35.0
10244,2250.0,63.0,37.0
10244,2100.0,66.0,32.0
10245,1400.0,72.0,40.0
10246,,55.0,39.0
10247,4900.0,90.0,49.0
10248,3410.0,53.0,29.0
10249,1540.0,50.0,31.0
10250,2520.0,79.0,40.0
10251,,74.0,40.0
10252,4900.0,72.0,37.0
10253,,73.0,38.0
10254,1800.0,65.0,37.0
10255,,54.0,27.0
10256,,66.0,31.0
10257,200.0,57.0,26.0
10258,2700.0,77.0,33.0
10259,,63.0,29.0
10260,325.0,55.0,33.0
10261,325.0,61.0,30.0
10262,4400.0,70.0,41.0
10263,,58.0,33.0
10264,3300.0,55.0,22.0
10264,2120.0,68.0,40.0
10265,2200.0,68.0,41.0
10265,3700.0,59.0,29.0
10266,3200.0,59.0,36.0
10267,1050.0,68.0,33.0
10267,1200.0,48.0,30.0
10268,200.0,48.0,23.0
10269,,56.0,23.0
10270,2200.0,62.0,33.0
10271,4600.0,69.0,37.0
10272,920.0,83.0,41.0
10273,2200.0,75.0,34.0
10274,920.0,63.0,33.0
10275,920.0,65.0,37.0
10276,325.0,53.0,31.0
10277,750.0,65.0,37.0
10277,3800.0,62.0,31.0
10278,3430.0,69.0,43.0
10279,610.0,55.0,26.0
10279,1400.0,71.0,41.0
10280,1050.0,83.0,49.0
10281,4500.0,64.0,38.0
10282,610.0,70.0,37.0
10282,1200.0,73.0,37.0
10283,2100.0,60.0,39.0
10284,3700.0,68.0,30.0
10285,,65.0,31.0
10286,2520.0,66.0,34.0
10287,3900.0,56.0,39.0
10288,,65.0,38.0
10289,4600.0,71.0,34.0
10290,,82.0,41.0
10291,3000.0,77.0,38.0
10292,3800.0,91.0,43.0
10292,4900.0,56.0,37.0
10293,4500.0,75.0,33.0
10294,2700.0,67.0,45.0
10295,,91.0,51.0
10296,2700.0,55.0,37.0
10297,2700.0,55.0,30.0
10298,2250.0,58.0,32.0
10298,4500.0,40.0,19.0
10299,1050.0,59.0,31.0
10300,1200.0,56.0,35.0
10301,3000.0,67.0,43.0
10302,,69.0,32.0
10303,1540.0,88.0,43.0
10303,920.0,76.0,40.0
10303,2700.0,58.0,26.0
10304,,54.0,35.0
10305,5110.0,71.0,35.0
10305,920.0,49.0,29.0
10306,,87.0,43.0
10307,,79.0,38.0
10308,1400.0,59.0,34.0
10308,2520.0,44.0,27.0
10308,5110.0,81.0,41.0
10308,4400.0,64.0,32.0
10309,,80.0,44.0
10310,,46.0,37.0
10311,3800.0,58.0,34.0
10312,2700.0,65.0,41.0
10313,1400.0,66.0,29.0
10314,3000.0,60.0,35.0
10315,2100.0,72.0,33.0
10315,2510.0,52.0,23.0
10315,2700.0,63.0,32.0
10316,2700.0,66.0,42.0
10317,,71.0,43.0
10318,2250.0,74.0,41.0
10319,4900.0,52.0,23.0
10320,2120.0,47.0,28.0
10320,610.0,80.0,44.0
10321,3900.0,69.0,38.0
10321,1050.0,56.0,23.0
10322,3900.0,84.0,39.0
10323,4900.0,66.0,36.0
10324,3300.0,79.0,44.0
10325,810.0,66.0,25.0
10325,4900.0,90.0,45.0
10325,610.0,86.0,45.0
10326,4600.0,62.0,39.0
10326,2520.0,77.0,44.0
10327,3200.0,73.0,42.0
10328,2250.0,81.0,38.0
10329,325.0,53.0,22.0
10329,1540.0,73.0,37.0
10330,3700.0,78.0,46.0
10330,3800.0,44.0,35.0
10330,3430.0,51.0,34.0
10331,3200.0,41.0,29.0
10332,,62.0,37.0
10333,1200.0,74.0,37.0
10333,5110.0,83.0,43.0
10334,1400.0,66.0,45.0
10334,1540.0,85.0,39.0
10334,2520.0,48.0,37.0
10335,2100.0,45.0,26.0
10336,2100.0,64.0,42.0
10337,325.0,70.0,31.0
10338,1050.0,65.0,39.0
10339,2700.0,40.0,22.0
10339,3300.0,64.0,29.0
10340,5110.0,49.0,31.0
10340,3300.0,73.0,44.0
10341,,69.0,33.0
10342,1800.0,54.0,24.0
10343,,59.0,33.0
10344,1200.0,52.0,30.0
10345,4600.0,64.0,38.0
10346,3800.0,76.0,45.0
10347,1800.0,53.0,31.0
10348,,71.0,48.0
10349,2200.0,59.0,35.0
10349,5110.0,55.0,30.0
10350,4600.0,64.0,28.0
10351,3800.0,53.0,30.0
10352,2520.0,58.0,32.0
10353,1200.0,51.0,35.0
10353,5110.0,89.0,48.0
10354,3000.0,65.0,30.0
10355,3200.0,57.0,34.0
10356,4600.0,68.0,41.0
10357,,64.0,43.0
10358,3300.0,62.0,39.0
10359,,72.0,43.0
10360,,74.0,40.0
10361,2120.0,59.0,36.0
10361,3430.0,58.0,39.0
10362,920.0,62.0,28.0
10363,4600.0,37.0,23.0
10364,4600.0,47.0,25.0
10365,4600.0,81.0,44.0
10366,2700.0,85.0,50.0
10367,4600.0,62.0,32.0
10367,200.0,72.0,27.0
10367,2100.0,69.0,36.0
10368,,100.0,55.0
10369,2120.0,78.0,44.0
10370,,63.0,37.0
10371,2310.0,54.0,30.0
10372,2510.0,46.0,22.0
10372,4500.0,67.0,39.0
10373,1050.0,56.0,28.0
10374,3200.0,48.0,40.0
10375,4600.0,57.0,36.0
10376,920.0,52.0,28.0
10377,,85.0,41.0
10378,,76.0,40.0
10379,3300.0,65.0,35.0
10379,2310.0,83.0,49.0
10380,3700.0,66.0,37.0
10380,325.0,55.0,28.0
10380,610.0,83.0,53.0
10381,,71.0,39.0
10382,610.0,53.0,35.0
10383,,63.0,32.0
10384,,54.0,33.0
10385,3430.0,48.0,31.0
10385,810.0,76.0,31.0
10385,5110.0,88.0,55.0
10386,2120.0,48.0,36.0
10387,2510.0,72.0,37.0
10388,,57.0,27.0
10389,,59.0,35.0
10390,1050.0,58.0,34.0
10391,4500.0,55.0,34.0
10392,1400.0,66.0,37.0
10393,1050.0,55.0,35.0
10394,,68.0,44.0
10395,1050.0,64.0,38.0
10396,1400.0,62.0,30.0
10397,2520.0,54.0,38.0
10398,1050.0,58.0,41.0
10398,2310.0,74.0,55.0
10399,2200.0,71.0,33.0
10399,810.0,53.0,32.0
10400,3700.0,66.0,26.0
10401,3800.0,74.0,42.0
10402,,45.0,25.0
10403,2200.0,72.0,48.0
10403,2700.0,57.0,29.0
10404,,72.0,30.0
10405,4500.0,56.0,30.0
10406,,43.0,17.0
10407,2520.0,45.0,32.0
10408,3800.0,66.0,26.0
10409,1050.0,68.0,37.0
10410,4500.0,54.0,21.0
10410,1400.0,73.0,38.0
10411,750.0,45.0,36.0
10411,1050.0,64.0,37.0
10411,2200.0,50.0,26.0
10412,2310.0,57.0,33.0
10412,3700.0,66.0,36.0
10413,610.0,55.0,34.0
10414,3430.0,60.0,27.0
10415,2510.0,77.0,44.0
10415,3410.0,58.0,20.0
10416,3410.0,75.0,37.0
10416,1800.0,51.0,28.0
10417,3800.0,71.0,42.0
10417,1050.0,82.0,43.0
10417,2100.0,35.0,17.0
10418,1200.0,55.0,27.0
10419,,72.0,40.0
10420,4900.0,63.0,35.0
10421,4400.0,69.0,35.0
10422,2310.0,58.0,31.0
10422,810.0,66.0,40.0
10422,5110.0,63.0,33.0
10423,,79.0,41.0
10424,,68.0,48.0
10425,3700.0,69.0,30.0
10425,4500.0,60.0,25.0
10426,325.0,59.0,38.0
10427,1800.0,60.0,31.0
10428,,70.0,36.0
10429,2520.0,60.0,30.0
10430,,68.0,36.0
10431,1400.0,90.0,54.0
10432,4500.0,75.0,44.0
10433,,61.0,39.0
10434,,79.0,35.0
10435,2520.0,60.0,28.0
10436,,41.0,12.0
10437,325.0,53.0,27.0
10438,,43.0,32.0
10439,,61.0,37.0
10440,3900.0,65.0,35.0
10441,3900.0,85.0,44.0
10442,,69.0,34.0
10443,,62.0,36.0
10444,,75.0,44.0
10445,,38.0,17.0
10446,200.0,68.0,39.0
10447,3410.0,74.0,44.0
10448,200.0,47.0,27.0
10448,3430.0,79.0,45.0
10448,2250.0,69.0,52.0
10449,2120.0,60.0,33.0
10449,1200.0,73.0,41.0
10450,1200.0,92.0,43.0
10451,2700.0,67.0,38.0
10452,1540.0,68.0,40.0
10453,,59.0,35.0
10454,,55.0,27.0
10455,1400.0,75.0,41.0
10456,,55.0,39.0
10457,610.0,66.0,39.0
10457,5110.0,59.0,38.0
10458,1050.0,71.0,37.0
10459,3200.0,69.0,41.0
10460,920.0,77.0,42.0
10461,2100.0,59.0,29.0
10462,1050.0,62.0,36.0
10463,920.0,53.0,26.0
10464,610.0,60.0,31.0
10464,3410.0,70.0,39.0
10465,4900.0,74.0,41.0
10466,2310.0,54.0,26.0
10466,1400.0,75.0,45.0
10466,1540.0,81.0,45.0
10467,4500.0,70.0,34.0
10468,1400.0,88.0,38.0
10469,2700.0,56.0,32.0
10469,1540.0,50.0,28.0
10470,2700.0,44.0,28.0
10471,,83.0,41.0
10472,,73.0,29.0
10473,,64.0,34.0
10474,810.0,68.0,36.0
10475,,51.0,34.0
10476,750.0,94.0,44.0
10477,4900.0,67.0,45.0
10478,,66.0,27.0
10479,920.0,74.0,46.0
10480,2200.0,71.0,37.0
10481,3410.0,68.0,41.0
10481,2250.0,56.0,33.0
10482,3430.0,71.0,44.0
10483,,88.0,43.0
10484,1050.0,81.0,37.0
10485,3200.0,84.0,51.0
10486,2100.0,59.0,33.0
10487,,53.0,32.0
10488,4900.0,63.0,41.0
10488,200.0,66.0,31.0
10489,,78.0,44.0
10490,,45.0,25.0
10491,5110.0,83.0,43.0
10492,2700.0,63.0,36.0
10492,920.0,60.0,26.0
10493,,53.0,27.0
10494,,45.0,35.0
10495,,75.0,44.0
10496,2520.0,66.0,36.0
10496,1400.0,50.0,31.0
10496,4400.0,49.0,28.0
10497,,61.0,41.0
10498,2310.0,85.0,43.0
10498,2120.0,62.0,36.0
10499,200.0,47.0,35.0
10500,,62.0,31.0
10501,2310.0,62.0,43.0
10502,2520.0,33.0,16.0
10503,1050.0,64.0,44.0
10504,3700.0,62.0,33.0
10505,2250.0,73.0,38.0
10505,2100.0,87.0,35.0
10506,,79.0,39.0
10507,,62.0,30.0
10508,1540.0,52.0,28.0
10508,610.0,96.0,48.0
10509,,66.0,41.0
10510,,65.0,37.0
10511,2250.0,65.0,38.0
10511,1050.0,67.0,31.0
10511,4900.0,63.0,31.0
10511,325.0,58.0,42.0
10512,3700.0,58.0,30.0
10512,2310.0,65.0,44.0
10512,610.0,58.0,32.0
10513,3800.0,56.0,32.0
10514,4500.0,66.0,42.0
10515,1540.0,62.0,41.0
10516,325.0,83.0,43.0
10516,3700.0,33.0,21.0
10517,,78.0,41.0
10518,,80.0,44.0
10519,,40.0,30.0
10520,4500.0,61.0,34.0
10520,3300.0,61.0,37.0
10521,3300.0,48.0,37.0
10521,4600.0,56.0,34.0
10522,2310.0,52.0,32.0
10522,3200.0,86.0,37.0
10522,610.0,76.0,27.0
10523,1050.0,80.0,44.0
10524,610.0,74.0,39.0
10524,4400.0,51.0,28.0
10524,325.0,59.0,35.0
10525,,71.0,38.0
10526,3300.0,50.0,36.0
10527,,74.0,40.0
10528,3000.0,62.0,31.0
10528,3200.0,61.0,39.0
10529,1050.0,74.0,39.0
10530,3900.0,70.0,41.0
10530,1050.0,61.0,32.0
10531,,79.0,38.0
10532,3200.0,52.0,31.0
10533,3700.0,72.0,39.0
10534,200.0,72.0,41.0
10534,3430.0,61.0,33.0
10534,2250.0,69.0,28.0
10535,3410.0,50.0,28.0
10536,,76.0,44.0
10537,3000.0,63.0,34.0
10537,4400.0,59.0,32.0
10537,1400.0,78.0,46.0
10537,1540.0,57.0,29.0
10538,3430.0,48.0,21.0
10539,1050.0,46.0,28.0
10539,3700.0,72.0,36.0
10540,1540.0,50.0,25.0
10541,,86.0,44.0
10542,3200.0,40.0,28.0
10543,3410.0,85.0,44.0
10544,2310.0,68.0,39.0
10545,4500.0,64.0,45.0
10546,,58.0,31.0
10547,,70.0,39.0
10548,2310.0,65.0,33.0
10549,1050.0,78.0,37.0
10549,610.0,66.0,33.0
10550,3700.0,67.0,34.0
10551,3700.0,61.0,36.0
10551,4500.0,64.0,47.0
10552,810.0,69.0,34.0
10552,5110.0,44.0,26.0
10552,2700.0,49.0,29.0
10553,,74.0,42.0
10554,,67.0,38.0
10555,3200.0,63.0,42.0
10556,810.0,65.0,24.0
10557,1200.0,69.0,26.0
10557,810.0,59.0,31.0
10557,1400.0,56.0,38.0
10557,2250.0,67.0,29.0
10558,2200.0,53.0,16.0
10559,325.0,70.0,41.0
10560,610.0,45.0,29.0
10560,4400.0,77.0,35.0
10561,2520.0,71.0,33.0
10561,1050.0,68.0,32.0
10561,3700.0,77.0,41.0
10561,3000.0,85.0,41.0
10562,1050.0,77.0,43.0
10563,3430.0,43.0,13.0
10563,3200.0,50.0,26.0
10563,4400.0,58.0,28.0
10563,2200.0,65.0,35.0
10564,610.0,71.0,36.0
10564,750.0,56.0,36.0
10565,3430.0,67.0,28.0
10566,1400.0,56.0,33.0
10566,2520.0,58.0,36.0
10567,2520.0,48.0,38.0
10568,2700.0,54.0,29.0
10568,1050.0,49.0,31.0
10569,2310.0,53.0,22.0
10570,1050.0,78.0,29.0
10571,,54.0,36.0
10572,325.0,97.0,49.0
10573,2310.0,71.0,44.0
10574,1050.0,67.0,30.0
10575,2510.0,55.0,35.0
10576,2250.0,73.0,49.0
10577,2120.0,58.0,35.0
10577,325.0,66.0,38.0
10577,1400.0,96.0,48.0
10577,610.0,64.0,28.0
10577,3430.0,79.0,48.0
10578,,57.0,30.0
10579,1050.0,65.0,39.0
10580,2200.0,86.0,37.0
10581,3430.0,57.0,27.0
10582,810.0,87.0,52.0
10583,2250.0,73.0,37.0
10584,3300.0,58.0,40.0
10585,3410.0,73.0,39.0
10586,3430.0,77.0,32.0
10586,2120.0,72.0,43.0
10587,3800.0,46.0,25.0
10588,4500.0,56.0,36.0
10589,3800.0,62.0,35.0
10589,3430.0,64.0,28.0
10590,2510.0,72.0,40.0
10591,2700.0,67.0,48.0
10592,3800.0,49.0,32.0
10593,4900.0,70.0,38.0
10594,200.0,72.0,44.0
10595,2520.0,72.0,40.0
10595,1050.0,78.0,42.0
10596,4400.0,75.0,35.0
10597,3800.0,71.0,40.0
10598,1400.0,64.0,41.0
10599,810.0,45.0,24.0
10600,610.0,70.0,45.0
10601,,67.0,36.0
10602,1400.0,68.0,33.0
10603,4600.0,50.0,35.0
10603,2200.0,52.0,29.0
10604,,78.0,45.0
10605,3700.0,65.0,35.0
10606,,73.0,39.0
10607,325.0,65.0,38.0
10608,,65.0,37.0
10609,2310.0,76.0,30.0
10609,1050.0,59.0,28.0
10610,3700.0,66.0,41.0
10611,,59.0,33.0
10612,4500.0,60.0,31.0
10612,810.0,61.0,28.0
10613,4600.0,68.0,32.0
10614,2250.0,59.0,23.0
10615,1200.0,80.0,41.0
10616,,54.0,29.0
10617,3700.0,63.0,30.0
10618,2120.0,60.0,34.0
10619,2120.0,82.0,45.0
10619,3430.0,67.0,47.0
10620,1050.0,77.0,33.0
10621,750.0,47.0,35.0
10622,1800.0,68.0,42.0
10622,3430.0,76.0,37.0
10623,610.0,66.0,37.0
10624,3700.0,78.0,39.0
10625,,59.0,35.0
10626,1540.0,82.0,50.0
10626,610.0,93.0,50.0
10626,2520.0,61.0,37.0
10626,3000.0,60.0,32.0
10627,810.0,82.0,35.0
10627,3800.0,84.0,43.0
10627,3900.0,59.0,40.0
10628,2200.0,60.0,26.0
10628,1800.0,62.0,30.0
10629,810.0,49.0,30.0
10630,4500.0,54.0,27.0
10631,610.0,53.0,27.0
10631,1050.0,56.0,30.0
10632,2250.0,65.0,29.0
10633,,68.0,32.0
10634,2250.0,84.0,47.0
10634,2700.0,53.0,25.0
10634,4900.0,77.0,33.0
10635,4500.0,62.0,32.0
10636,,64.0,39.0
10637,3430.0,73.0,38.0
10637,610.0,52.0,28.0
10637,3900.0,70.0,38.0
10638,,67.0,28.0
10639,325.0,71.0,41.0
10639,810.0,68.0,39.0
10640,,94.0,46.0
10641,200.0,57.0,38.0
10641,2120.0,59.0,28.0
10641,1050.0,58.0,39.0
10642,1400.0,58.0,34.0
10643,1540.0,57.0,31.0
10644,2100.0,79.0,42.0
10645,2100.0,82.0,42.0
10646,3200.0,58.0,39.0
10647,,55.0,27.0
10648,4600.0,71.0,35.0
10649,,58.0,38.0
10650,1200.0,73.0,36.0
10650,2200.0,67.0,41.0
10651,,47.0,37.0
10652,1050.0,84.0,42.0
10653,1540.0,87.0,48.0
10654,2700.0,58.0,27.0
10654,3000.0,60.0,38.0
10655,,68.0,38.0
10656,325.0,69.0,40.0
10656,610.0,73.0,36.0
10657,2700.0,89.0,37.0
10658,3300.0,63.0,38.0
10659,2250.0,55.0,22.0
10660,4400.0,48.0,28.0
10661,2310.0,56.0,37.0
10662,2200.0,65.0,37.0
10663,325.0,87.0,55.0
10664,2510.0,59.0,39.0
10665,1400.0,68.0,34.0
10666,,65.0,36.0
10667,1400.0,79.0,41.0
10668,2200.0,95.0,40.0
10668,3410.0,59.0,29.0
10669,1050.0,59.0,31.0
10669,4900.0,78.0,31.0
10669,4500.0,73.0,39.0
10670,4500.0,87.0,44.0
10671,200.0,72.0,30.0
10672,5110.0,61.0,36.0
10673,,72.0,42.0
10674,325.0,78.0,42.0
10675,2700.0,75.0,38.0
10676,,71.0,41.0
10677,325.0,78.0,45.0
10678,3410.0,79.0,43.0
10678,3800.0,82.0,39.0
10679,3410.0,73.0,41.0
10680,2520.0,63.0,41.0
10681,1400.0,67.0,34.0
10681,2120.0,79.0,52.0
10682,610.0,55.0,29.0
10683,5110.0,69.0,38.0
10684,3900.0,60.0,31.0
10685,4500.0,65.0,37.0
10685,1800.0,80.0,33.0
10685,2510.0,67.0,34.0
10686,1200.0,66.0,31.0
10687,1200.0,49.0,30.0
10688,4400.0,74.0,45.0
10689,,73.0,42.0
10690,4500.0,91.0,35.0
10690,810.0,61.0,45.0
10691,2200.0,68.0,39.0
10692,,68.0,33.0
10693,4600.0,84.0,44.0
10694,,64.0,36.0
10695,2510.0,68.0,34.0
10696,,72.0,40.0
10697,,67.0,34.0
10698,,60.0,32.0
10699,,67.0,33.0
10700,,78.0,34.0
10701,3200.0,53.0,32.0
10702,1800.0,67.0,40.0
10703,,57.0,35.0
10704,3800.0,79.0,46.0
10705,2100.0,47.0,30.0
10706,3200.0,58.0,31.0
10707,4500.0,70.0,42.0
10708,,84.0,37.0
10709,3410.0,64.0,31.0
10709,5110.0,58.0,28.0
10709,2250.0,88.0,51.0
10710,3900.0,48.0,34.0
10710,1050.0,39.0,28.0
10711,3000.0,70.0,43.0
10712,2700.0,59.0,29.0
10712,3700.0,53.0,33.0
10713,2250.0,74.0,39.0
10713,2510.0,68.0,41.0
10714,,58.0,33.0
10715,200.0,50.0,28.0
10716,2510.0,75.0,43.0
10717,610.0,73.0,44.0
10718,,64.0,32.0
10719,2510.0,87.0,44.0
10720,610.0,52.0,26.0
10720,3900.0,47.0,16.0
10721,4600.0,57.0,34.0
10722,2120.0,64.0,39.0
10723,2200.0,68.0,39.0
10724,,62.0,25.0
10725,1540.0,69.0,36.0
10726,3410.0,50.0,19.0
10726,4500.0,82.0,50.0
10726,2250.0,64.0,30.0
10727,3300.0,78.0,47.0
10727,1050.0,69.0,42.0
10727,3700.0,70.0,33.0
10728,4500.0,72.0,33.0
10729,1400.0,70.0,40.0
10730,4900.0,73.0,35.0
10731,610.0,81.0,43.0
10731,1050.0,67.0,34.0
10731,2700.0,74.0,31.0
10732,200.0,64.0,24.0
10733,4600.0,82.0,44.0
10734,3200.0,57.0,30.0
10735,5110.0,87.0,42.0
10735,4500.0,65.0,39.0
10736,,48.0,35.0
10737,,67.0,35.0
10738,5110.0,57.0,31.0
10738,4500.0,75.0,43.0
10738,2700.0,57.0,26.0
10739,,60.0,35.0
10740,1800.0,42.0,30.0
10740,3300.0,60.0,37.0
10741,3800.0,36.0,15.0
10742,,46.0,25.0
10743,,74.0,35.0
10744,4900.0,74.0,40.0
10745,,70.0,40.0
10746,,53.0,39.0
10747,,64.0,33.0
10748,3800.0,65.0,34.0
10749,1400.0,51.0,36.0
10749,810.0,83.0,45.0
10750,2200.0,76.0,47.0
10751,3000.0,62.0,36.0
10751,1540.0,65.0,30.0
10752,4500.0,68.0,31.0
10753,,40.0,18.0
10754,5110.0,62.0,38.0
10755,,57.0,39.0
10756,2520.0,53.0,40.0
10757,4900.0,62.0,39.0
10758,,87.0,51.0
10759,325.0,73.0,36.0
10760,3000.0,58.0,27.0
10760,4900.0,72.0,43.0
10760,325.0,82.0,45.0
10760,610.0,76.0,41.0
10761,2310.0,66.0,38.0
10762,920.0,57.0,34.0
10763,1200.0,73.0,46.0
10764,,70.0,44.0
10765,2520.0,76.0,43.0
10766,750.0,73.0,43.0
10767,4900.0,78.0,44.0
10768,810.0,59.0,31.0
10769,325.0,81.0,46.0
10770,,67.0,30.0
10771,610.0,90.0,51.0
10771,3430.0,57.0,27.0
10772,2120.0,86.0,46.0
10772,610.0,67.0,33.0
10773,3430.0,57.0,36.0
10774,,59.0,33.0
10775,4900.0,61.0,26.0
10776,3800.0,70.0,40.0
10777,610.0,71.0,36.0
10778,4500.0,58.0,38.0
10779,2100.0,65.0,36.0
10779,3000.0,91.0,48.0
10779,2200.0,86.0,40.0
10780,,70.0,35.0
10781,,65.0,34.0
10782,2510.0,66.0,41.0
10783,,72.0,47.0
10784,4600.0,53.0,27.0
10785,2100.0,62.0,40.0
10786,2510.0,45.0,17.0
10787,1400.0,70.0,32.0
10787,810.0,73.0,34.0
10788,1200.0,59.0,27.0
10789,1200.0,84.0,36.0
10789,4900.0,50.0,32.0
10790,1200.0,47.0,28.0
10791,3800.0,68.0,39.0
10792,1200.0,78.0,45.0
10793,1400.0,85.0,45.0
10793,810.0,59.0,37.0
10793,2700.0,78.0,41.0
10794,1540.0,65.0,30.0
10794,1800.0,63.0,40.0
10795,4600.0,76.0,37.0
10796,,73.0,35.0
10797,1400.0,46.0,28.0
10797,810.0,83.0,39.0
10797,2120.0,82.0,41.0
10798,4400.0,57.0,35.0
10798,1050.0,70.0,40.0
10799,1800.0,71.0,34.0
10800,750.0,68.0,35.0
10800,3410.0,58.0,39.0
10801,3430.0,57.0,35.0
10802,3430.0,65.0,46.0
10803,1400.0,79.0,48.0
10804,,72.0,45.0
10805,,61.0,27.0
10806,2310.0,74.0,43.0
10807,,31.0,22.0
10808,810.0,79.0,39.0
10809,3900.0,44.0,28.0
10809,1050.0,61.0,39.0
10810,2200.0,52.0,33.0
10811,1050.0,49.0,25.0
10812,3410.0,79.0,45.0
10812,810.0,59.0,30.0
10813,3410.0,69.0,39.0
10814,,64.0,34.0
10815,4500.0,71.0,37.0
10816,,66.0,40.0
10817,2200.0,50.0,25.0
10818,,77.0,51.0
10819,4900.0,59.0,24.0
10820,2520.0,46.0,25.0
10821,810.0,60.0,36.0
10822,3430.0,83.0,46.0
10822,1800.0,75.0,39.0
10823,2200.0,61.0,34.0
10824,1050.0,61.0,36.0
10825,610.0,61.0,33.0
10826,3410.0,90.0,53.0
10826,3300.0,70.0,42.0
10827,1800.0,70.0,42.0
10828,2510.0,77.0,36.0
10829,1050.0,68.0,37.0
10829,3300.0,62.0,33.0
10830,,63.0,30.0
10831,4600.0,64.0,37.0
10832,1200.0,65.0,33.0
10833,3410.0,74.0,43.0
10834,3430.0,66.0,31.0
10835,325.0,74.0,48.0
10836,3200.0,64.0,31.0
10836,2120.0,66.0,37.0
10836,1540.0,41.0,30.0
10837,3800.0,76.0,38.0
10838,1540.0,69.0,42.0
10839,810.0,77.0,35.0
10840,2520.0,30.0,29.0
10841,2510.0,90.0,46.0
10842,,63.0,32.0
10843,2200.0,78.0,40.0
10843,3800.0,53.0,35.0
10844,3800.0,72.0,36.0
10845,1400.0,52.0,27.0
10846,3900.0,58.0,32.0
10847,1400.0,88.0,39.0
10848,,63.0,44.0
10849,4600.0,68.0,34.0
10850,3200.0,75.0,44.0
10850,3410.0,71.0,39.0
10850,1800.0,67.0,32.0
10851,3000.0,69.0,38.0
10852,1200.0,94.0,52.0
10853,750.0,64.0,35.0
10853,4400.0,67.0,43.0
10854,,78.0,46.0
10855,2100.0,78.0,46.0
10855,3000.0,79.0,39.0
10856,3700.0,73.0,34.0
10857,3000.0,51.0,27.0
10857,1200.0,85.0,45.0
10857,610.0,51.0,33.0
10858,5110.0,69.0,27.0
10859,2510.0,56.0,32.0
10860,,64.0,36.0
10861,,69.0,36.0
10862,3430.0,69.0,44.0
10863,,70.0,40.0
10864,,84.0,50.0
10865,4900.0,70.0,37.0
10866,610.0,62.0,39.0
10867,,77.0,49.0
10868,1800.0,79.0,48.0
10868,3430.0,50.0,25.0
10869,750.0,72.0,38.0
10870,5110.0,73.0,37.0
10871,2520.0,61.0,37.0
10872,,82.0,46.0
10873,2700.0,63.0,31.0
10874,4900.0,67.0,37.0
10875,,63.0,25.0
10876,,65.0,43.0
10877,2520.0,52.0,28.0
10878,3800.0,48.0,29.0
10879,2200.0,84.0,42.0
10879,1050.0,55.0,38.0
10880,3800.0,53.0,17.0
10880,4400.0,39.0,26.0
10880,5110.0,57.0,32.0
10881,3800.0,49.0,27.0
10881,2100.0,85.0,53.0
10882,,77.0,36.0
10883,2700.0,57.0,37.0
10884,3200.0,92.0,49.0
10885,810.0,77.0,47.0
10885,2510.0,61.0,31.0
10885,3700.0,35.0,20.0
10886,4900.0,92.0,52.0
10887,1400.0,48.0,31.0
10888,5110.0,45.0,20.0
10888,2520.0,77.0,38.0
10889,920.0,94.0,50.0
10889,5110.0,82.0,47.0
10890,2520.0,72.0,35.0
10891,2700.0,72.0,24.0
10892,,75.0,43.0
10893,920.0,74.0,33.0
10893,2520.0,68.0,27.0
10894,610.0,66.0,22.0
10895,2510.0,64.0,40.0
10896,2510.0,56.0,33.0
10896,3000.0,62.0,34.0
10897,1800.0,45.0,35.0
10898,,64.0,39.0
10899,610.0,53.0,39.0
10899,2250.0,52.0,24.0
10900,2520.0,67.0,37.0
10901,,82.0,35.0
10902,4900.0,76.0,39.0
10902,1050.0,46.0,27.0
10902,4500.0,53.0,34.0
10903,4500.0,76.0,41.0
10904,1050.0,53.0,34.0
10904,3430.0,62.0,38.0
10905,750.0,72.0,50.0
10906,,53.0,30.0
10907,2520.0,66.0,32.0
10908,3700.0,49.0,31.0
10909,1800.0,58.0,29.0
10910,810.0,69.0,45.0
10911,3900.0,46.0,27.0
10911,1050.0,70.0,35.0
10912,610.0,65.0,34.0
10913,1200.0,72.0,42.0
10914,,68.0,36.0
10915,,81.0,39.0
10916,2520.0,67.0,45.0
10917,200.0,60.0,30.0
10918,810.0,66.0,37.0
10919,,72.0,42.0
10920,810.0,66.0,28.0
10920,2200.0,65.0,38.0
10920,1050.0,57.0,28.0
10921,200.0,57.0,37.0
10922,610.0,48.0,24.0
10923,2120.0,86.0,48.0
10924,3430.0,50.0,36.0
10925,325.0,57.0,37.0
10926,750.0,56.0,34.0
10927,2250.0,76.0,39.0
10928,4500.0,61.0,32.0
10929,610.0,80.0,49.0
10929,200.0,57.0,29.0
10930,610.0,68.0,32.0
10931,1400.0,55.0,35.0
10932,4500.0,91.0,42.0
10933,610.0,51.0,26.0
10933,750.0,69.0,30.0
10934,3410.0,73.0,37.0
10935,4500.0,70.0,38.0
10936,2520.0,63.0,36.0
10937,325.0,63.0,40.0
10938,4500.0,66.0,39.0
10939,325.0,63.0,34.0
10940,3800.0,77.0,40.0
10941,,92.0,49.0
10942,1400.0,58.0,40.0
10942,810.0,49.0,30.0
10942,2700.0,64.0,33.0
10943,4900.0,96.0,43.0
10944,3200.0,55.0,25.0
10945,,85.0,47.0
10946,,85.0,47.0
10947,3300.0,58.0,36.0
10948,325.0,72.0,38.0
10948,200.0,85.0,51.0
10949,3700.0,60.0,32.0
10950,3200.0,63.0,40.0
10951,4600.0,58.0,33.0
10952,2310.0,53.0,28.0
10953,,57.0,36.0
10954,2120.0,50.0,32.0
10955,810.0,65.0,38.0
10955,4400.0,56.0,33.0
10956,1200.0,68.0,37.0
10957,3700.0,46.0,40.0
10958,610.0,69.0,44.0
10959,3800.0,75.0,44.0
10960,,41.0,27.0
10961,1540.0,69.0,43.0
10962,4900.0,80.0,45.0
10963,,50.0,30.0
10964,,85.0,42.0
10965,5110.0,70.0,38.0
10965,920.0,57.0,17.0
10966,,64.0,37.0
10967,1050.0,72.0,36.0
10967,3700.0,66.0,44.0
10968,920.0,71.0,38.0
10968,4900.0,54.0,26.0
10969,920.0,67.0,37.0
10970,2120.0,48.0,24.0
10971,,64.0,38.0
10972,810.0,54.0,33.0
10972,2100.0,56.0,37.0
10972,4900.0,80.0,38.0
10973,3000.0,78.0,41.0
10974,2250.0,72.0,32.0
10975,,52.0,34.0
10976,1050.0,61.0,37.0
10977,200.0,80.0,44.0
10978,2250.0,67.0,37.0
10978,2310.0,93.0,49.0
10979,1400.0,70.0,46.0
10980,3200.0,67.0,35.0
10981,1540.0,61.0,35.0
10982,3800.0,67.0,31.0
10983,3430.0,63.0,31.0
10984,,73.0,40.0
10985,610.0,76.0,46.0
10986,810.0,56.0,31.0
10987,3430.0,49.0,28.0
10988,325.0,43.0,25.0
10989,610.0,71.0,36.0
10990,4400.0,52.0,32.0
10991,1200.0,39.0,18.0
10991,200.0,70.0,44.0
10992,325.0,95.0,45.0
10993,2700.0,65.0,40.0
10994,2520.0,75.0,34.0
10994,4500.0,66.0,40.0
10994,3410.0,64.0,39.0
10994,1050.0,76.0,42.0
10995,2200.0,62.0,30.0
10996,,68.0,38.0
10997,2100.0,69.0,32.0
10998,,57.0,32.0
10999,3300.0,77.0,46.0
11000,2520.0,63.0,39.0
11001,2120.0,56.0,32.0
11001,810.0,71.0,34.0
11001,1400.0,54.0,35.0
11002,3410.0,65.0,36.0
11002,2200.0,65.0,24.0
11003,,78.0,45.0
11004,325.0,71.0,38.0
11005,610.0,65.0,42.0
11006,810.0,75.0,35.0
11007,2310.0,82.0,27.0
11008,2250.0,72.0,40.0
11009,4500.0,65.0,37.0
11010,1800.0,49.0,21.0
11010,1050.0,52.0,26.0
11011,5110.0,61.0,48.0
11011,1050.0,58.0,32.0
11011,4500.0,63.0,39.0
11011,810.0,66.0,33.0
11012,1800.0,71.0,28.0
11013,,64.0,35.0
11014,2510.0,71.0,37.0
11015,3700.0,66.0,34.0
11016,200.0,41.0,26.0
11017,1050.0,54.0,33.0
11018,1400.0,63.0,34.0
11019,5110.0,50.0,24.0
11019,610.0,72.0,41.0
11020,4600.0,83.0,33.0
11021,2250.0,80.0,32.0
11021,3700.0,62.0,38.0
11022,3700.0,83.0,46.0
11022,2310.0,67.0,37.0
11023,,61.0,27.0
11024,2120.0,58.0,30.0
11025,,61.0,33.0
11026,4400.0,60.0,26.0
11027,2250.0,67.0,33.0
11028,3300.0,67.0,40.0
11029,750.0,65.0,43.0
11030,2520.0,70.0,36.0
11030,2100.0,79.0,45.0
11031,3430.0,76.0,31.0
11031,2200.0,47.0,32.0
11032,810.0,34.0,20.0
11032,4900.0,76.0,42.0
11033,3410.0,49.0,28.0
11033,750.0,62.0,41.0
11033,3800.0,51.0,26.0
11034,4900.0,43.0,30.0
11035,2520.0,71.0,37.0
11035,1400.0,74.0,39.0
11035,4500.0,58.0,32.0
11036,3700.0,34.0,19.0
11037,610.0,58.0,33.0
11038,2510.0,70.0,38.0
11039,,47.0,30.0
11040,810.0,67.0,37.0
11040,2520.0,65.0,40.0
11041,2520.0,72.0,43.0
11042,3410.0,66.0,31.0
11043,1050.0,53.0,36.0
11044,325.0,79.0,36.0
11045,325.0,63.0,38.0
11046,,65.0,39.0
11047,3800.0,54.0,22.0
11047,1050.0,60.0,34.0
11047,2100.0,54.0,29.0
11048,325.0,63.0,31.0
11048,610.0,86.0,51.0
11048,2200.0,49.0,26.0
11048,1800.0,46.0,24.0
11049,1200.0,83.0,44.0
11050,,62.0,38.0
11051,3000.0,57.0,32.0
11052,3200.0,77.0,47.0
11053,,58.0,36.0
11054,,87.0,34.0
11055,2700.0,73.0,37.0
11056,2200.0,59.0,31.0
11057,,91.0,49.0
11058,2100.0,58.0,20.0
11059,4900.0,74.0,52.0
11059,1540.0,69.0,40.0
11060,,81.0,43.0
11061,1800.0,84.0,50.0
11062,,65.0,48.0
11063,3300.0,56.0,37.0
11064,,71.0,43.0
11065,3430.0,57.0,33.0
11066,,89.0,45.0
11067,2200.0,67.0,34.0
11068,2200.0,61.0,30.0
11069,3700.0,67.0,33.0
11070,2520.0,49.0,23.0
11071,2700.0,53.0,31.0
11072,3900.0,79.0,33.0
11073,4400.0,57.0,34.0
11073,2200.0,52.0,31.0
11073,1050.0,71.0,39.0
11073,3410.0,79.0,39.0
11074,,74.0,55.0
11075,4400.0,77.0,48.0
11075,3000.0,56.0,26.0
11076,750.0,48.0,30.0
11077,810.0,83.0,40.0
11077,4600.0,61.0,29.0
11078,2520.0,62.0,28.0
11079,2100.0,81.0,45.0
11080,2520.0,72.0,35.0
11080,1050.0,70.0,43.0
11081,2250.0,91.0,51.0
11082,,57.0,40.0
11083,,76.0,36.0
11084,3000.0,66.0,39.0
11084,2510.0,68.0,40.0
11084,750.0,83.0,41.0
11085,3300.0,71.0,35.0
11086,610.0,71.0,46.0
11087,3410.0,78.0,42.0
11088,3300.0,61.0,38.0
11089,3900.0,55.0,28.0
11090,3410.0,52.0,25.0
11090,2120.0,41.0,24.0
11091,,90.0,45.0
11092,,52.0,25.0
11093,2200.0,62.0,35.0
11094,1400.0,62.0,26.0
11095,1400.0,69.0,32.0
11095,200.0,75.0,43.0
11096,2100.0,75.0,43.0
11097,4500.0,58.0,31.0
11097,1200.0,63.0,30.0
11098,920.0,68.0,32.0
11098,1050.0,62.0,33.0
11099,4400.0,84.0,47.0
11099,1050.0,71.0,43.0
11100,2520.0,74.0,37.0
11101,1400.0,73.0,33.0
11102,,79.0,43.0
11103,2100.0,67.0,33.0
11103,3430.0,49.0,27.0
11104,1800.0,70.0,45.0
11105,,57.0,37.0
11106,,59.0,34.0
11107,,72.0,32.0
11108,,80.0,43.0
11109,325.0,65.0,41.0
11110,3000.0,69.0,36.0
11111,2120.0,85.0,51.0
11112,3430.0,68.0,44.0
11113,1050.0,96.0,57.0
11114,,72.0,40.0
11115,,44.0,31.0
11116,1540.0,74.0,47.0
11116,2100.0,70.0,40.0
11116,2700.0,80.0,39.0
11117,3800.0,73.0,37.0
11118,3700.0,63.0,36.0
11119,610.0,50.0,24.0
11120,,62.0,34.0
11121,,55.0,37.0
11122,200.0,58.0,22.0
11123,920.0,72.0,46.0
11124,2700.0,85.0,50.0
11125,3300.0,70.0,36.0
11125,2510.0,51.0,33.0
11126,2510.0,70.0,38.0
11127,2250.0,79.0,48.0
11127,1540.0,58.0,38.0
11127,2520.0,63.0,28.0
11127,2200.0,65.0,39.0
11128,,56.0,31.0
11129,4500.0,73.0,40.0
11130,3000.0,64.0,32.0
11130,3410.0,70.0,47.0
11131,810.0,54.0,37.0
11131,3300.0,60.0,30.0
11132,4400.0,74.0,33.0
11132,3800.0,61.0,32.0
11133,3700.0,86.0,47.0
11134,3000.0,60.0,35.0
11134,3430.0,68.0,43.0
11135,2510.0,76.0,44.0
11136,4500.0,48.0,34.0
11137,3000.0,44.0,29.0
11138,,47.0,22.0
11139,,80.0,41.0
11140,3200.0,58.0,39.0
11140,610.0,96.0,48.0
11140,3430.0,58.0,36.0
11141,3000.0,67.0,35.0
11142,,84.0,38.0
11143,4500.0,89.0,45.0
11144,4900.0,90.0,48.0
11145,1050.0,80.0,39.0
11145,4400.0,77.0,40.0
11146,4400.0,72.0,34.0
11147,3900.0,74.0,45.0
11147,3800.0,58.0,32.0
11147,1050.0,55.0,39.0
11148,,65.0,44.0
11149,2700.0,63.0,35.0
11149,920.0,60.0,29.0
11150,325.0,73.0,29.0
11151,2250.0,76.0,33.0
11152,2120.0,66.0,30.0
11153,1200.0,83.0,50.0
11154,,51.0,31.0
11155,,63.0,37.0
11156,,56.0,21.0
11157,3430.0,43.0,21.0
11158,,64.0,40.0
11159,810.0,64.0,37.0
11159,2200.0,83.0,42.0
11160,3410.0,73.0,42.0
11161,,53.0,39.0
11162,1200.0,87.0,44.0
11163,,80.0,42.0
11164,3300.0,72.0,40.0
11164,4600.0,62.0,47.0
11164,200.0,53.0,21.0
11165,2510.0,61.0,38.0
11166,5110.0,78.0,41.0
11167,3700.0,88.0,48.0
11168,2120.0,84.0,40.0
11168,920.0,59.0,33.0
11168,2700.0,52.0,34.0
11168,1400.0,67.0,52.0
11169,2120.0,44.0,32.0
11170,2120.0,69.0,33.0
11171,3200.0,63.0,33.0
11172,,59.0,31.0
11173,1200.0,46.0,19.0
11174,1200.0,71.0,37.0
11175,2100.0,59.0,37.0
11175,4900.0,51.0,24.0
11176,2310.0,31.0,28.0
11177,2700.0,65.0,38.0
11178,3000.0,86.0,41.0
11178,2100.0,85.0,43.0
11179,2520.0,60.0,42.0
11180,,58.0,37.0
11181,3900.0,71.0,38.0
11182,1540.0,53.0,30.0
11183,,69.0,38.0
11184,,74.0,37.0
11185,,80.0,31.0
11186,3430.0,64.0,46.0
11186,2100.0,63.0,36.0
11187,2510.0,54.0,34.0
11188,,55.0,32.0
11189,,62.0,31.0
11190,3800.0,69.0,37.0
11191,1540.0,76.0,32.0
11192,810.0,55.0,43.0
11193,3700.0,83.0,37.0
11193,4500.0,62.0,30.0
11194,4400.0,65.0,34.0
11195,2700.0,56.0,39.0
11196,,36.0,24.0
11197,5110.0,76.0,34.0
11198,2120.0,74.0,46.0
11199,750.0,62.0,38.0
11200,4900.0,66.0,39.0
11201,810.0,71.0,42.0
11202,,46.0,40.0
11203,,59.0,45.0
11204,1050.0,75.0,37.0
11204,3000.0,50.0,38.0
11205,3900.0,69.0,40.0
11206,2250.0,49.0,32.0
11207,,71.0,30.0
11208,,65.0,35.0
11209,4900.0,46.0,24.0
11210,2520.0,79.0,46.0
11211,1200.0,56.0,38.0
11211,2250.0,55.0,22.0
11212,2520.0,67.0,37.0
11213,,79.0,47.0
11214,5110.0,53.0,30.0
11214,1050.0,66.0,40.0
11215,2120.0,70.0,40.0
11215,4400.0,73.0,41.0
11216,810.0,67.0,35.0
11217,3800.0,61.0,28.0
11218,,55.0,26.0
11219,4900.0,66.0,40.0
11220,4600.0,52.0,31.0
11221,,30.0,21.0
11222,3800.0,70.0,36.0
11223,2250.0,76.0,39.0
11224,2120.0,37.0,30.0
11225,2120.0,53.0,30.0
11226,3800.0,72.0,32.0
11226,1050.0,90.0,50.0
11227,3000.0,65.0,35.0
11228,2520.0,56.0,33.0
11228,1400.0,63.0,43.0
11228,200.0,81.0,42.0
11229,,57.0,34.0
11230,3800.0,55.0,26.0
11231,,59.0,33.0
11232,,54.0,35.0
11233,1540.0,66.0,29.0
11233,2700.0,84.0,45.0
11234,200.0,69.0,38.0
11234,4900.0,62.0,35.0
11235,325.0,61.0,40.0
11236,2120.0,46.0,30.0
11236,1400.0,76.0,48.0
11237,750.0,64.0,31.0
11237,3410.0,63.0,36.0
11238,2120.0,100.0,50.0
11239,,69.0,32.0
11240,3430.0,56.0,37.0
11240,5110.0,60.0,46.0
11241,1050.0,79.0,42.0
11242,2100.0,66.0,39.0
11243,2310.0,48.0,30.0
11244,3200.0,76.0,37.0
11245,1400.0,57.0,24.0
11246,2120.0,87.0,41.0
11247,810.0,78.0,34.0
11248,325.0,60.0,43.0
11249,4500.0,80.0,41.0
11250,3900.0,66.0,35.0
11251,2700.0,75.0,44.0
11251,2200.0,71.0,33.0
11252,,55.0,28.0
11253,3300.0,57.0,33.0
11253,810.0,77.0,46.0
11253,610.0,61.0,37.0
11253,2510.0,60.0,35.0
11254,610.0,54.0,32.0
11254,2510.0,70.0,40.0
11255,200.0,90.0,47.0
11256,2100.0,52.0,26.0
11257,,65.0,36.0
11258,,82.0,37.0
11259,2520.0,64.0,36.0
11260,1050.0,70.0,36.0
11261,2120.0,52.0,43.0
11261,325.0,70.0,38.0
11261,1400.0,63.0,28.0
11262,1400.0,77.0,40.0
11263,3000.0,79.0,44.0
11263,1400.0,96.0,57.0
11264,3900.0,72.0,36.0
11264,1400.0,69.0,30.0
11265,,67.0,41.0
11266,3000.0,61.0,27.0
11267,2700.0,69.0,35.0
11268,610.0,61.0,33.0
11268,3300.0,67.0,36.0
11268,4500.0,81.0,46.0
11269,,53.0,28.0
11270,,79.0,40.0
11271,2200.0,81.0,42.0
11272,2250.0,64.0,36.0
11273,5110.0,40.0,26.0
11273,200.0,58.0,35.0
11273,2510.0,81.0,47.0
11273,2100.0,65.0,38.0
11274,200.0,53.0,33.0
11274,4500.0,59.0,26.0
11275,810.0,75.0,40.0
11276,3900.0,72.0,41.0
11276,1050.0,62.0,38.0
11277,,61.0,31.0
11278,3430.0,60.0,31.0
11278,610.0,54.0,29.0
11278,2200.0,84.0,46.0
11278,1200.0,61.0,40.0
11279,2510.0,80.0,40.0
11280,2310.0,83.0,48.0
11281,,77.0,41.0
11282,1540.0,60.0,33.0
11283,1400.0,70.0,37.0
11284,,65.0,40.0
11285,3000.0,54.0,33.0
11286,3410.0,69.0,49.0
11287,,51.0,26.0
11288,2250.0,79.0,44.0
11289,1200.0,59.0,31.0
11290,1540.0,67.0,32.0
11291,,68.0,37.0
11292,2120.0,62.0,35.0
11293,4400.0,72.0,53.0
11294,3410.0,59.0,33.0
11295,3430.0,75.0,34.0
11295,5110.0,49.0,31.0
11296,200.0,67.0,26.0
11297,,88.0,45.0
11298,2120.0,53.0,31.0
11299,,57.0,37.0
11300,3700.0,71.0,43.0
11300,2700.0,67.0,34.0
11300,920.0,69.0,37.0
11301,1400.0,71.0,35.0
11302,3300.0,73.0,34.0
11302,2120.0,78.0,43.0
11303,4500.0,70.0,32.0
11304,3900.0,62.0,33.0
11304,1050.0,73.0,34.0
11304,2100.0,88.0,48.0
11305,1540.0,63.0,44.0
11306,,53.0,25.0
11307,610.0,78.0,32.0
11307,3430.0,64.0,35.0
11307,1050.0,39.0,26.0
11308,810.0,75.0,41.0
11309,3800.0,59.0,31.0
11310,,64.0,35.0
11311,,69.0,39.0
11312,3410.0,67.0,42.0
11313,2520.0,74.0,30.0
11314,2700.0,60.0,32.0
11315,,71.0,39.0
11316,1200.0,62.0,30.0
11317,1050.0,74.0,48.0
11318,,72.0,36.0
11319,,54.0,31.0
11320,,78.0,44.0
11321,,59.0,31.0
11322,1800.0,75.0,31.0
11323,,69.0,35.0
11324,3300.0,87.0,50.0
11324,3700.0,62.0,33.0
11324,2310.0,61.0,30.0
11325,920.0,65.0,41.0
11326,920.0,61.0,33.0
11327,,75.0,37.0
11328,200.0,46.0,29.0
11328,4500.0,52.0,35.0
11329,,52.0,43.0
11330,2520.0,76.0,45.0
11330,2200.0,86.0,50.0
11331,610.0,64.0,33.0
11332,4900.0,63.0,30.0
11333,4900.0,66.0,37.0
11333,2120.0,79.0,42.0
11334,3200.0,54.0,26.0
11334,2120.0,68.0,36.0
11335,,77.0,43.0
11336,2510.0,71.0,40.0
11337,,67.0,39.0
11338,,77.0,42.0
11339,,33.0,21.0
11340,2100.0,73.0,37.0
11341,1540.0,57.0,27.0
11341,1200.0,43.0,36.0
11342,610.0,71.0,38.0
11343,920.0,81.0,41.0
11343,2520.0,63.0,31.0
11344,,76.0,55.0
11345,,84.0,38.0
11346,920.0,81.0,40.0
11347,,85.0,46.0
11348,2700.0,74.0,43.0
11349,3430.0,66.0,41.0
11350,3800.0,46.0,37.0
11351,610.0,62.0,37.0
11352,,55.0,27.0
11353,2520.0,91.0,45.0
11354,,63.0,37.0
11355,1050.0,66.0,47.0
11356,4500.0,72.0,32.0
11357,2100.0,66.0,42.0
11357,1050.0,85.0,45.0
11357,810.0,58.0,37.0
11357,2700.0,67.0,36.0
11358,1540.0,56.0,28.0
11359,1400.0,49.0,33.0
11360,3300.0,58.0,36.0
11360,1540.0,65.0,41.0
11361,4500.0,60.0,34.0
11362,4500.0,57.0,30.0
11362,3430.0,48.0,21.0
11363,2120.0,64.0,40.0
11363,810.0,47.0,31.0
11364,,74.0,35.0
11365,4900.0,66.0,34.0
11365,1200.0,48.0,27.0
11366,,61.0,27.0
11367,2520.0,56.0,28.0
11368,610.0,69.0,32.0
11369,,81.0,40.0
11370,1200.0,42.0,23.0
11371,3300.0,66.0,28.0
11372,2520.0,63.0,45.0
11373,810.0,73.0,45.0
11374,3800.0,68.0,33.0
11374,4400.0,56.0,34.0
11375,1800.0,61.0,36.0
11376,1400.0,55.0,38.0
11377,3700.0,78.0,37.0
11378,1400.0,65.0,41.0
11379,4500.0,88.0,42.0
11380,2120.0,64.0,29.0
11381,2100.0,56.0,36.0
11382,,47.0,35.0
11383,2120.0,43.0,40.0
11383,1400.0,46.0,22.0
11383,610.0,68.0,41.0
11384,810.0,71.0,36.0
11385,325.0,46.0,32.0
11386,4900.0,76.0,33.0
11386,4500.0,59.0,27.0
11387,2200.0,67.0,33.0
11388,610.0,84.0,44.0
11389,3700.0,76.0,37.0
11390,1050.0,62.0,38.0
11390,4400.0,54.0,37.0
11391,4500.0,39.0,29.0
11392,3430.0,56.0,40.0
11392,610.0,62.0,37.0
11392,4400.0,53.0,25.0
11393,610.0,63.0,42.0
11393,4400.0,66.0,33.0
11393,2120.0,62.0,39.0
11394,2520.0,57.0,41.0
11395,1400.0,67.0,39.0
11396,,70.0,31.0
11397,4400.0,52.0,26.0
11398,610.0,82.0,49.0
11399,2200.0,64.0,35.0
11399,2700.0,65.0,36.0
11400,3430.0,73.0,43.0
11401,4900.0,68.0,41.0
11402,,76.0,42.0
11403,325.0,68.0,36.0
11404,,58.0,32.0
11405,810.0,69.0,42.0
11406,,51.0,33.0
11407,3800.0,66.0,35.0
11408,4400.0,65.0,41.0
11409,3410.0,63.0,35.0
11410,1400.0,63.0,31.0
11410,810.0,42.0,23.0
11411,3000.0,58.0,28.0
11412,610.0,66.0,35.0
11413,4500.0,67.0,43.0
11413,1800.0,53.0,27.0
11414,3300.0,80.0,43.0
11414,1050.0,55.0,29.0
11415,200.0,77.0,39.0
11416,3300.0,70.0,30.0
11416,2250.0,57.0,32.0
11417,3300.0,86.0,43.0
11418,3800.0,51.0,33.0
11419,,76.0,42.0
11420,3430.0,77.0,35.0
11421,4500.0,57.0,38.0
11422,3300.0,82.0,44.0
11423,3200.0,62.0,36.0
11424,3900.0,68.0,37.0
11424,1050.0,68.0,35.0
11425,5110.0,63.0,36.0
11426,4600.0,75.0,42.0
11427,4600.0,75.0,31.0
11427,200.0,44.0,25.0
11428,2200.0,81.0,41.0
11428,5110.0,45.0,29.0
11429,3410.0,77.0,47.0
11430,3410.0,79.0,38.0
11431,2200.0,52.0,28.0
11432,4500.0,60.0,31.0
11433,2120.0,52.0,27.0
11433,3000.0,62.0,33.0
11433,1540.0,61.0,38.0
11434,,74.0,34.0
11435,,81.0,45.0
11436,,82.0,34.0
11437,2700.0,58.0,30.0
11437,3000.0,62.0,33.0
11437,1050.0,45.0,36.0
11438,,55.0,31.0
11439,,77.0,30.0
11440,810.0,84.0,34.0
11440,1200.0,50.0,30.0
11441,,58.0,36.0
11442,2100.0,65.0,38.0
11443,,68.0,38.0
11444,325.0,55.0,38.0
11445,4900.0,70.0,35.0
11446,1800.0,59.0,38.0
11447,610.0,65.0,28.0
11447,2250.0,72.0,34.0
11448,610.0,65.0,27.0
11449,2520.0,60.0,33.0
11450,,64.0,35.0
11451,1050.0,64.0,36.0
11451,1800.0,61.0,35.0
11451,3430.0,62.0,30.0
11452,2700.0,84.0,43.0
11453,3900.0,72.0,31.0
11454,,61.0,41.0
11455,2120.0,73.0,38.0
11456,325.0,61.0,32.0
11457,3300.0,79.0,50.0
11458,2520.0,69.0,31.0
11459,3200.0,64.0,30.0
11460,3900.0,70.0,33.0
11461,,46.0,28.0
11462,,51.0,33.0
11463,2520.0,51.0,34.0
11464,,67.0,50.0
11465,2700.0,86.0,33.0
11466,,92.0,50.0
11467,,73.0,36.0
11468,2120.0,71.0,35.0
11469,,43.0,24.0
11470,750.0,58.0,29.0
11471,2310.0,56.0,41.0
11472,2100.0,58.0,37.0
11473,2100.0,63.0,35.0
11473,1050.0,59.0,40.0
11473,5110.0,41.0,19.0
11474,3300.0,74.0,33.0
11475,325.0,52.0,20.0
11476,,68.0,34.0
11477,,90.0,47.0
11478,2100.0,54.0,32.0
11478,4900.0,35.0,25.0
11478,1200.0,62.0,28.0
11479,2250.0,78.0,45.0
11480,4500.0,89.0,47.0
11481,3410.0,50.0,34.0
11481,4500.0,71.0,29.0
11482,,59.0,35.0
11483,,64.0,30.0
11484,,97.0,47.0
11485,3430.0,47.0,31.0
11486,1800.0,68.0,38.0
11486,3410.0,71.0,34.0
11487,3000.0,78.0,41.0
11488,,66.0,29.0
11489,2250.0,69.0,43.0
11490,1540.0,60.0,33.0
11491,1800.0,68.0,43.0
11491,1050.0,61.0,32.0
11492,4900.0,72.0,36.0
11493,4500.0,61.0,31.0
11494,2100.0,70.0,42.0
11494,1200.0,65.0,32.0
11495,1200.0,79.0,45.0
11496,2520.0,64.0,34.0
11497,,44.0,18.0
11498,5110.0,80.0,39.0
11499,1540.0,54.0,26.0
11500,4400.0,57.0,33.0
11501,1400.0,58.0,27.0
11501,4400.0,81.0,47.0
11501,3800.0,39.0,25.0
11502,3800.0,100.0,49.0
11503,2250.0,78.0,44.0
11504,3700.0,68.0,42.0
11505,1050.0,64.0,35.0
11506,1800.0,68.0,33.0
11507,2120.0,71.0,30.0
11508,3430.0,73.0,36.0
11509,2510.0,72.0,36.0
11510,5110.0,66.0,37.0
11510,1050.0,63.0,33.0
11510,200.0,63.0,39.0
11510,4500.0,63.0,32.0
11511,4900.0,79.0,41.0
11511,810.0,72.0,45.0
11512,3200.0,30.0,24.0
11513,750.0,73.0,39.0
11513,610.0,67.0,34.0
11514,325.0,65.0,33.0
11515,1050.0,60.0,30.0
11516,3430.0,78.0,38.0
11516,610.0,76.0,44.0
11517,3410.0,56.0,31.0
11518,3700.0,70.0,31.0
11519,3800.0,53.0,40.0
11520,,48.0,31.0
11521,,57.0,26.0
11522,2200.0,75.0,38.0
11523,1800.0,76.0,41.0
11524,3430.0,71.0,47.0
11524,4500.0,74.0,34.0
11524,750.0,71.0,43.0
11524,3410.0,57.0,40.0
11525,2700.0,70.0,35.0
11525,610.0,75.0,39.0
11525,4400.0,74.0,34.0
11526,2700.0,79.0,41.0
11527,3200.0,73.0,39.0
11528,2510.0,69.0,41.0
11529,3700.0,78.0,47.0
11529,3410.0,65.0,32.0
11530,2700.0,54.0,22.0
11531,3300.0,63.0,35.0
11532,4400.0,56.0,34.0
11533,1200.0,57.0,34.0
11534,2510.0,63.0,34.0
11535,200.0,55.0,33.0
11536,2520.0,61.0,42.0
11537,2520.0,42.0,29.0
11538,2510.0,68.0,35.0
11538,2100.0,65.0,33.0
11539,2700.0,55.0,31.0
11540,,73.0,47.0
11541,325.0,76.0,39.0
11542,3000.0,46.0,28.0
11542,3430.0,56.0,30.0
11543,,56.0,38.0
11544,3300.0,54.0,41.0
11545,2310.0,75.0,42.0
11545,2200.0,63.0,36.0
11545,1400.0,62.0,35.0
11546,920.0,41.0,14.0
11547,3900.0,73.0,43.0
11548,3900.0,50.0,31.0
11549,3800.0,66.0,39.0
11549,4900.0,68.0,34.0
11549,2100.0,81.0,40.0
11549,4400.0,49.0,28.0
11550,1050.0,29.0,27.0
11551,,67.0,35.0
11552,,87.0,55.0
11553,4600.0,80.0,44.0
11554,5110.0,68.0,31.0
11554,2510.0,59.0,33.0
11555,,75.0,37.0
11556,4400.0,53.0,20.0
11557,1050.0,71.0,46.0
11558,610.0,71.0,42.0
11559,,78.0,44.0
11560,4900.0,98.0,50.0
11561,3700.0,70.0,31.0
11561,2310.0,59.0,31.0
11562,1050.0,65.0,40.0
11563,3700.0,44.0,22.0
11564,,57.0,20.0
11565,3410.0,60.0,33.0
11565,3800.0,59.0,33.0
11566,3410.0,67.0,37.0
11567,610.0,55.0,36.0
11567,4400.0,78.0,44.0
11568,,65.0,37.0
11569,810.0,65.0,42.0
11569,610.0,61.0,27.0
11569,4400.0,67.0,39.0
11570,3900.0,75.0,43.0
11571,4400.0,55.0,26.0
11571,2100.0,57.0,25.0
11571,3800.0,61.0,31.0
11572,,49.0,26.0
11573,2520.0,55.0,36.0
11574,,59.0,31.0
11575,2250.0,75.0,36.0
11576,2120.0,68.0,34.0
11577,2250.0,67.0,42.0
11578,1540.0,75.0,40.0
11579,2100.0,63.0,34.0
11580,,70.0,37.0
11581,2520.0,64.0,42.0
11582,,68.0,33.0
11583,,58.0,40.0
11584,,36.0,25.0
11585,200.0,63.0,34.0
11586,2250.0,82.0,55.0
11587,3800.0,76.0,35.0
11588,,77.0,39.0
11589,2520.0,80.0,36.0
11590,750.0,66.0,41.0
11591,,67.0,45.0
11592,1400.0,58.0,42.0
11592,4400.0,61.0,41.0
11593,2250.0,72.0,38.0
11594,3700.0,79.0,40.0
11595,3300.0,63.0,27.0
11596,3900.0,60.0,44.0
11596,1050.0,65.0,38.0
11596,3700.0,72.0,36.0
11597,3800.0,48.0,36.0
11597,3430.0,37.0,20.0
11598,1800.0,58.0,35.0
11599,610.0,50.0,29.0
11599,1540.0,59.0,37.0
11599,4500.0,63.0,35.0
11599,810.0,60.0,27.0
11599,1400.0,82.0,43.0
11600,,69.0,43.0
11601,325.0,69.0,37.0
11601,1050.0,72.0,43.0
11602,,51.0,25.0
11603,325.0,77.0,41.0
11603,2200.0,64.0,32.0
11604,2510.0,73.0,43.0
11605,4900.0,52.0,31.0
11606,3000.0,46.0,32.0
11607,610.0,75.0,45.0
11608,4600.0,70.0,41.0
11609,750.0,54.0,33.0
11610,1800.0,55.0,27.0
11611,3900.0,79.0,42.0
11612,325.0,51.0,28.0
11612,1050.0,85.0,42.0
11613,4500.0,54.0,30.0
11614,1200.0,73.0,34.0
11615,2200.0,61.0,25.0
11616,1400.0,72.0,35.0
11617,1050.0,58.0,34.0
11618,610.0,63.0,28.0
11618,2520.0,65.0,36.0
11618,2100.0,53.0,41.0
11619,3800.0,74.0,45.0
11620,,59.0,42.0
11621,5110.0,62.0,37.0
11621,4600.0,53.0,37.0
11621,200.0,34.0,20.0
11622,4600.0,63.0,32.0
11622,610.0,94.0,34.0
11623,325.0,74.0,46.0
11624,3700.0,65.0,44.0
11624,3430.0,62.0,32.0
11624,325.0,65.0,35.0
11625,4500.0,72.0,35.0
11626,3800.0,51.0,32.0
11627,,78.0,47.0
11628,610.0,74.0,31.0
11629,5110.0,74.0,42.0
11629,200.0,70.0,37.0
11630,,65.0,37.0
11631,750.0,73.0,41.0
11632,750.0,72.0,38.0
11633,1800.0,61.0,34.0
11633,4600.0,58.0,32.0
11634,920.0,66.0,41.0
11635,4500.0,84.0,46.0
11635,3300.0,50.0,31.0
11635,3430.0,47.0,22.0
11636,2510.0,67.0,35.0
11637,,66.0,41.0
11638,2700.0,67.0,37.0
11639,1800.0,68.0,40.0
11640,1400.0,62.0,44.0
11641,1050.0,83.0,48.0
11642,3410.0,46.0,29.0
11643,3700.0,55.0,29.0
11644,4400.0,64.0,23.0
11645,3700.0,45.0,27.0
11646,,63.0,34.0
11647,2250.0,85.0,46.0
11647,2100.0,65.0,35.0
11648,2250.0,68.0,36.0
11648,1540.0,50.0,21.0
11649,610.0,58.0,29.0
11650,2100.0,60.0,36.0
11650,3900.0,61.0,43.0
11651,5110.0,80.0,42.0
11652,,72.0,40.0
11653,1540.0,52.0,36.0
11654,750.0,68.0,33.0
11655,,71.0,40.0
11656,,79.0,38.0
11657,610.0,84.0,48.0
11657,3430.0,53.0,32.0
11658,1800.0,55.0,33.0
11659,3410.0,50.0,26.0
11660,,62.0,38.0
11661,3430.0,71.0,49.0
11662,,77.0,36.0
11663,3000.0,64.0,34.0
11663,3700.0,61.0,36.0
11663,2520.0,67.0,41.0
11663,1400.0,55.0,29.0
11664,3700.0,90.0,32.0
11665,325.0,46.0,35.0
11666,2250.0,67.0,41.0
11667,3300.0,89.0,37.0
11668,4600.0,65.0,33.0
11669,3700.0,63.0,43.0
11669,2310.0,61.0,42.0
11669,810.0,63.0,40.0
11670,3200.0,81.0,42.0
11671,3200.0,38.0,26.0
11671,1540.0,83.0,43.0
11672,,48.0,35.0
11673,4500.0,62.0,30.0
11673,2510.0,60.0,30.0
11674,1540.0,72.0,44.0
11675,200.0,46.0,28.0
11676,,71.0,45.0
11677,3430.0,89.0,42.0
11678,3000.0,49.0,29.0
11679,750.0,67.0,32.0
11680,2100.0,57.0,33.0
11681,3300.0,70.0,31.0
11682,,65.0,34.0
11683,810.0,57.0,26.0
11684,2520.0,71.0,42.0
11685,,87.0,48.0
11686,1400.0,63.0,27.0
11687,1540.0,74.0,46.0
11688,325.0,49.0,42.0
11689,325.0,54.0,32.0
11690,3430.0,71.0,35.0
11690,810.0,83.0,57.0
11691,1200.0,69.0,31.0
11692,4900.0,61.0,35.0
11693,,65.0,37.0
11694,3300.0,50.0,37.0
11695,4500.0,72.0,41.0
11696,,76.0,38.0
11697,,60.0,29.0
11698,2700.0,59.0,32.0
11698,4500.0,68.0,32.0
11699,2310.0,60.0,34.0
11700,3700.0,64.0,33.0
11701,200.0,90.0,39.0
11701,4400.0,62.0,41.0
11701,3300.0,61.0,32.0
11702,,57.0,26.0
11703,2510.0,74.0,39.0
11704,2100.0,63.0,36.0
11705,4600.0,57.0,24.0
11705,2520.0,81.0,44.0
11706,,82.0,38.0
11707,,58.0,42.0
11708,2100.0,43.0,30.0
11709,,77.0,39.0
11710,810.0,57.0,29.0
11710,3300.0,74.0,39.0
11711,3410.0,41.0,29.0
11711,1050.0,76.0,40.0
11711,3430.0,50.0,29.0
11712,1400.0,74.0,40.0
11713,1200.0,65.0,33.0
11714,2310.0,54.0,30.0
11715,3000.0,60.0,24.0
11716,810.0,73.0,44.0
11717,4900.0,66.0,38.0
11718,3200.0,72.0,35.0
11718,2120.0,89.0,55.0
11719,1540.0,46.0,29.0
11720,3200.0,84.0,38.0
11721,1050.0,66.0,41.0
11721,4500.0,54.0,34.0
11721,5110.0,49.0,32.0
11722,810.0,63.0,33.0
11722,2310.0,76.0,43.0
11722,4900.0,63.0,34.0
11722,3300.0,83.0,46.0
11723,4500.0,48.0,20.0
11724,2250.0,65.0,34.0
11724,4900.0,50.0,39.0
11724,1540.0,69.0,34.0
11724,2700.0,76.0,37.0
11725,,60.0,32.0
11726,4500.0,34.0,18.0
11727,2250.0,67.0,26.0
11727,5110.0,70.0,37.0
11728,2120.0,70.0,39.0
11728,2100.0,80.0,42.0
11729,750.0,52.0,30.0
11730,1050.0,73.0,39.0
11730,3200.0,79.0,47.0
11731,2700.0,44.0,27.0
11732,,69.0,35.0
11733,5110.0,59.0,32.0
11734,,64.0,38.0
11735,920.0,69.0,45.0
11736,2310.0,59.0,30.0
11736,1400.0,57.0,33.0
11736,810.0,65.0,38.0
11737,,52.0,26.0
11738,3900.0,52.0,31.0
11738,1050.0,73.0,32.0
11739,2120.0,51.0,22.0
11740,,73.0,41.0
11741,2250.0,71.0,36.0
11741,2520.0,44.0,29.0
11741,2510.0,57.0,33.0
11742,1540.0,79.0,37.0
11743,,53.0,31.0
11744,3430.0,59.0,27.0
11744,610.0,71.0,45.0
11744,1050.0,74.0,33.0
11744,4500.0,62.0,34.0
11745,1050.0,58.0,28.0
11745,3000.0,82.0,46.0
11746,1200.0,86.0,43.0
11747,,77.0,38.0
11748,325.0,66.0,41.0
11749,3200.0,55.0,32.0
11750,3200.0,55.0,35.0
11751,3430.0,71.0,33.0
11751,610.0,70.0,31.0
11752,2520.0,82.0,43.0
11753,200.0,73.0,38.0
11754,610.0,47.0,32.0
11755,1800.0,78.0,41.0
11756,810.0,53.0,32.0
11757,3000.0,60.0,26.0
11757,610.0,68.0,47.0
11757,1400.0,89.0,45.0
11758,2200.0,100.0,53.0
11759,4400.0,72.0,35.0
11759,2520.0,63.0,37.0
11759,2120.0,71.0,32.0
11760,,76.0,43.0
11761,,61.0,33.0
11762,3800.0,87.0,45.0
11763,2100.0,68.0,41.0
11763,4500.0,71.0,32.0
11763,610.0,73.0,36.0
11764,3410.0,70.0,40.0
11765,,75.0,50.0
11766,3700.0,58.0,33.0
11767,,58.0,36.0
11768,,52.0,30.0
11769,3300.0,70.0,48.0
11770,2120.0,74.0,31.0
11770,325.0,70.0,38.0
11770,1400.0,85.0,36.0
11771,2200.0,65.0,23.0
11772,,73.0,41.0
11773,325.0,52.0,31.0
11774,2100.0,60.0,33.0
11775,2310.0,73.0,39.0
11775,2520.0,75.0,55.0
11775,200.0,61.0,33.0
11776,4600.0,64.0,38.0
11777,325.0,47.0,26.0
11778,2520.0,61.0,36.0
11779,2700.0,76.0,39.0
11780,1200.0,72.0,37.0
11780,810.0,71.0,47.0
11780,2120.0,66.0,42.0
11780,1540.0,65.0,37.0
11781,3900.0,57.0,21.0
11781,1050.0,73.0,37.0
11782,3700.0,70.0,52.0
11783,3410.0,71.0,37.0
11784,3000.0,59.0,39.0
11785,1400.0,39.0,33.0
11786,3200.0,78.0,42.0
11786,1540.0,59.0,29.0
11787,,55.0,20.0
11788,750.0,73.0,43.0
11789,3000.0,60.0,30.0
11790,,78.0,42.0
11791,610.0,72.0,33.0
11791,2100.0,73.0,38.0
11791,3430.0,49.0,30.0
11791,2200.0,80.0,43.0
11792,3410.0,68.0,32.0
11792,1200.0,61.0,40.0
11793,1050.0,67.0,34.0
11794,3300.0,44.0,19.0
11795,,70.0,37.0
11796,3700.0,53.0,31.0
11796,2310.0,49.0,30.0
11797,3700.0,47.0,36.0
11798,325.0,78.0,40.0
11798,2100.0,57.0,32.0
11799,1200.0,83.0,38.0
11799,810.0,59.0,38.0
11799,2510.0,45.0,29.0
11800,2250.0,52.0,29.0
11800,5110.0,80.0,32.0
11800,2520.0,63.0,42.0
11801,2520.0,58.0,27.0
11802,3200.0,67.0,34.0
11803,4500.0,71.0,40.0
11804,3410.0,78.0,35.0
11805,,82.0,35.0
11806,1800.0,61.0,24.0
11807,,49.0,33.0
11808,2250.0,60.0,31.0
11809,4900.0,68.0,52.0
11810,1800.0,53.0,26.0
11811,2120.0,54.0,27.0
11812,810.0,69.0,35.0
11813,,64.0,37.0
11814,1400.0,65.0,34.0
11814,4500.0,56.0,35.0
11815,,62.0,30.0
11816,,54.0,25.0
11817,,76.0,31.0
11818,3900.0,77.0,30.0
11819,,43.0,25.0
11820,,54.0,30.0
11821,,47.0,26.0
11822,3300.0,57.0,39.0
11823,,64.0,42.0
11824,3430.0,48.0,28.0
11824,610.0,54.0,23.0
11824,1050.0,53.0,28.0
11824,1800.0,67.0,34.0
11825,3410.0,66.0,33.0
11826,3000.0,56.0,29.0
11827,810.0,67.0,34.0
11827,4900.0,58.0,31.0
11827,2200.0,62.0,32.0
11828,3900.0,85.0,45.0
11829,1400.0,81.0,44.0
11829,1540.0,49.0,25.0
11830,2700.0,75.0,46.0
11830,2200.0,75.0,35.0
11830,1800.0,51.0,22.0
11831,1050.0,75.0,42.0
11832,3300.0,83.0,39.0
11833,,52.0,32.0
11834,,54.0,20.0
11835,810.0,77.0,48.0
11836,2120.0,68.0,41.0
11836,1400.0,72.0,31.0
11836,2510.0,69.0,30.0
11837,1200.0,70.0,46.0
11837,5110.0,49.0,26.0
11838,,78.0,37.0
11839,200.0,79.0,30.0
11840,2510.0,62.0,33.0
11841,,64.0,34.0
11842,200.0,47.0,32.0
11843,200.0,71.0,31.0
11843,810.0,72.0,31.0
11844,3800.0,64.0,38.0
11845,920.0,78.0,46.0
11846,3430.0,61.0,27.0
11847,2310.0,72.0,44.0
11847,2120.0,53.0,31.0
11848,5110.0,65.0,41.0
11848,2510.0,63.0,35.0
11849,,68.0,25.0
11850,,61.0,34.0
11851,3000.0,63.0,41.0
11852,2310.0,75.0,36.0
11853,,60.0,32.0
11854,2250.0,46.0,28.0
11855,2100.0,86.0,30.0
11856,4400.0,82.0,51.0
11856,4900.0,49.0,25.0
11857,2250.0,73.0,42.0
11858,200.0,59.0,33.0
11859,2520.0,68.0,43.0
11859,1200.0,69.0,40.0
11859,920.0,62.0,34.0
11860,,56.0,28.0
11861,,57.0,37.0
11862,3800.0,54.0,22.0
11863,3410.0,55.0,35.0
11863,1200.0,64.0,30.0
11864,3200.0,56.0,39.0
11865,2200.0,73.0,40.0
11866,3900.0,83.0,46.0
11867,2100.0,58.0,34.0
11868,920.0,68.0,28.0
11869,3300.0,71.0,34.0
11870,750.0,71.0,42.0
11871,1200.0,66.0,37.0
11872,3800.0,74.0,46.0
11873,610.0,71.0,40.0
11874,810.0,50.0,25.0
11875,2250.0,75.0,36.0
11876,3000.0,76.0,41.0
11876,2120.0,56.0,21.0
11877,3410.0,65.0,44.0
11878,,73.0,41.0
11879,3000.0,62.0,41.0
11880,1540.0,78.0,33.0
11881,2250.0,93.0,53.0
11881,1540.0,56.0,44.0
11882,,48.0,23.0
11883,750.0,69.0,41.0
11884,1540.0,74.0,40.0
11885,3900.0,62.0,27.0
11886,2700.0,82.0,45.0
11887,610.0,49.0,34.0
11888,,73.0,36.0
11889,,58.0,39.0
11890,4900.0,86.0,36.0
11891,1540.0,89.0,38.0
11892,4600.0,56.0,33.0
11892,200.0,58.0,33.0
11893,3410.0,75.0,36.0
11894,,60.0,38.0
11895,920.0,64.0,38.0
11896,3300.0,65.0,40.0
11897,2100.0,42.0,26.0
11897,5110.0,65.0,39.0
11897,810.0,57.0,31.0
11898,3800.0,59.0,44.0
11898,1540.0,82.0,39.0
11898,920.0,50.0,41.0
11899,1800.0,75.0,40.0
11900,,62.0,28.0
11901,1540.0,62.0,42.0
11902,810.0,74.0,40.0
11903,,69.0,42.0
11904,4400.0,72.0,45.0
11904,750.0,77.0,42.0
11905,4600.0,61.0,31.0
11906,,58.0,38.0
11907,4600.0,52.0,31.0
11908,1400.0,55.0,35.0
11909,325.0,100.0,39.0
11910,3800.0,80.0,44.0
11911,1540.0,49.0,26.0
11911,2700.0,49.0,38.0
11911,2510.0,71.0,42.0
11912,4500.0,72.0,40.0
11912,2200.0,72.0,41.0
11913,1400.0,62.0,30.0
11913,5110.0,63.0,43.0
11914,,69.0,48.0
11915,,66.0,38.0
11916,2200.0,38.0,33.0
11916,2120.0,62.0,32.0
11916,1540.0,55.0,28.0
11917,4900.0,67.0,37.0
11918,2200.0,100.0,52.0
11918,2520.0,69.0,36.0
11919,1200.0,61.0,37.0
11920,610.0,76.0,42.0
11920,2250.0,71.0,33.0
11921,,70.0,41.0
11922,610.0,72.0,43.0
11923,,90.0,47.0
11924,2120.0,51.0,36.0
11925,,71.0,32.0
11926,,54.0,34.0
11927,4400.0,72.0,33.0
11928,,54.0,26.0
11929,3410.0,60.0,31.0
11930,2700.0,61.0,30.0
11931,3300.0,77.0,38.0
11932,810.0,76.0,39.0
11933,3800.0,50.0,34.0
11933,4400.0,66.0,35.0
11933,3700.0,56.0,24.0
11933,2200.0,50.0,36.0
11934,3000.0,62.0,31.0
11935,3700.0,61.0,34.0
11935,2310.0,94.0,50.0
11936,2310.0,70.0,39.0
11937,2700.0,48.0,35.0
11938,,58.0,36.0
11939,3900.0,77.0,36.0
11940,,90.0,57.0
11941,3000.0,46.0,29.0
11942,,42.0,26.0
11943,2310.0,87.0,50.0
11944,1050.0,70.0,39.0
11945,,55.0,34.0
11946,3410.0,71.0,51.0
11947,,33.0,22.0
11948,2310.0,65.0,34.0
11949,3430.0,69.0,38.0
11949,1050.0,76.0,46.0
11950,4600.0,53.0,24.0
11950,1200.0,66.0,27.0
11951,,54.0,29.0
11952,2250.0,68.0,29.0
11953,1400.0,54.0,29.0
11954,,60.0,37.0
11955,,53.0,27.0
11956,4600.0,73.0,32.0
11957,4400.0,75.0,40.0
11958,,62.0,39.0
11959,,65.0,28.0
11960,3800.0,48.0,33.0
11960,2120.0,61.0,38.0
11961,750.0,64.0,40.0
11962,2700.0,96.0,54.0
11963,,52.0,42.0
11964,2200.0,83.0,41.0
11964,4400.0,77.0,41.0
11965,1050.0,68.0,35.0
11966,3000.0,86.0,44.0
11967,,69.0,45.0
11968,1540.0,70.0,31.0
11968,2520.0,64.0,31.0
11968,1400.0,80.0,49.0
11969,200.0,78.0,46.0
11970,2250.0,57.0,31.0
11971,,49.0,34.0
11972,3000.0,63.0,37.0
11973,1200.0,55.0,40.0
11974,2100.0,64.0,36.0
11975,1200.0,80.0,47.0
11976,3800.0,60.0,47.0
11977,,64.0,39.0
11978,200.0,66.0,37.0
11978,2100.0,75.0,44.0
11978,610.0,38.0,23.0
11979,2100.0,58.0,45.0
11980,1400.0,68.0,38.0
11980,810.0,79.0,40.0
11981,1400.0,59.0,29.0
11981,810.0,42.0,32.0
11981,3800.0,72.0,43.0
11982,2700.0,57.0,30.0
11982,3430.0,51.0,33.0
11983,,58.0,26.0
11984,750.0,63.0,36.0
11985,,58.0,35.0
11986,3000.0,39.0,34.0
11987,2510.0,76.0,37.0
11988,3410.0,80.0,36.0
11989,2250.0,73.0,35.0
11990,2200.0,51.0,24.0
11991,,63.0,42.0
11992,750.0,65.0,44.0
11993,325.0,72.0,40.0
11994,,73.0,45.0
11995,2520.0,56.0,33.0
11995,1050.0,66.0,36.0
11996,2200.0,70.0,36.0
11997,4500.0,82.0,41.0
11997,610.0,73.0,31.0
11997,325.0,74.0,41.0
11998,,66.0,36.0
11999,3900.0,82.0,47.0
12000,325.0,70.0,38.0
12001,1050.0,55.0,31.0
12002,325.0,82.0,38.0
12003,3700.0,73.0,40.0
12004,3700.0,60.0,38.0
12005,325.0,59.0,28.0
12006,3200.0,69.0,38.0
12006,2200.0,71.0,40.0
12007,2520.0,67.0,33.0
12007,3800.0,69.0,35.0
12008,3410.0,85.0,45.0
12009,200.0,78.0,36.0
12010,2120.0,67.0,39.0
12011,2700.0,76.0,36.0
12012,,53.0,37.0
12013,610.0,70.0,50.0
12013,2100.0,87.0,40.0
12014,3800.0,62.0,37.0
12015,1540.0,55.0,28.0
12016,3300.0,57.0,38.0
12017,610.0,52.0,24.0
12018,5110.0,56.0,35.0
12019,,61.0,30.0
12020,3700.0,48.0,28.0
12020,2310.0,65.0,31.0
12021,4500.0,76.0,45.0
12022,4600.0,54.0,27.0
12023,610.0,83.0,46.0
12024,1800.0,71.0,37.0
12025,2100.0,77.0,40.0
12026,2200.0,57.0,34.0
12027,1400.0,75.0,36.0
12028,,52.0,32.0
12029,2250.0,76.0,48.0
12030,,67.0,33.0
12031,,72.0,45.0
12032,2120.0,51.0,38.0
12033,4400.0,54.0,28.0
12034,3430.0,72.0,32.0
12034,610.0,54.0,33.0
12035,1200.0,71.0,36.0
12035,3300.0,49.0,39.0
12035,610.0,75.0,40.0
12036,3410.0,50.0,26.0
12036,2120.0,72.0,33.0
12037,4500.0,73.0,45.0
12038,,57.0,30.0
12039,,72.0,39.0
12040,810.0,68.0,42.0
12041,200.0,59.0,31.0
12042,810.0,53.0,31.0
12043,1050.0,41.0,26.0
12044,,69.0,41.0
12045,810.0,46.0,31.0
12046,2310.0,66.0,35.0
12046,3000.0,62.0,35.0
12047,4600.0,73.0,37.0
12047,2250.0,61.0,27.0
12047,4500.0,61.0,36.0
12048,610.0,74.0,49.0
12049,2100.0,69.0,33.0
12050,,69.0,34.0
12051,610.0,71.0,34.0
12051,2520.0,47.0,32.0
12051,3800.0,74.0,42.0
12052,,72.0,38.0
12053,2520.0,53.0,27.0
12053,1050.0,62.0,35.0
12054,3300.0,65.0,28.0
12055,5110.0,63.0,36.0
12056,5110.0,69.0,42.0
12057,1400.0,82.0,37.0
12058,200.0,78.0,34.0
12059,3900.0,49.0,37.0
12059,1050.0,72.0,36.0
12060,2520.0,81.0,48.0
12060,2700.0,70.0,37.0
12060,1050.0,78.0,40.0
12061,1050.0,89.0,48.0
12062,,77.0,36.0
12063,325.0,68.0,38.0
12064,,78.0,39.0
12065,,67.0,30.0
12066,3000.0,65.0,38.0
12066,3900.0,61.0,33.0
12067,200.0,84.0,43.0
12068,2520.0,55.0,26.0
12068,4500.0,83.0,51.0
12069,4900.0,71.0,43.0
12070,3200.0,48.0,34.0
12071,200.0,69.0,36.0
12072,2250.0,40.0,17.0
12073,5110.0,73.0,49.0
12074,,76.0,40.0
12075,750.0,58.0,29.0
12075,4400.0,66.0,38.0
12076,4900.0,88.0,51.0
12077,2120.0,59.0,33.0
12078,1400.0,52.0,37.0
12079,4500.0,83.0,49.0
12080,2120.0,89.0,40.0
12081,,65.0,33.0
12082,4600.0,77.0,46.0
12083,4600.0,81.0,29.0
12084,4600.0,56.0,32.0
12085,2700.0,59.0,26.0
12085,610.0,80.0,40.0
12086,4500.0,85.0,43.0
12087,,72.0,37.0
12088,2510.0,54.0,29.0
12088,2200.0,89.0,40.0
12089,,59.0,45.0
12090,,61.0,44.0
12091,1400.0,69.0,32.0
12092,1540.0,84.0,52.0
12093,3200.0,75.0,38.0
12094,,70.0,39.0
12095,3300.0,71.0,38.0
12096,1540.0,66.0,33.0
12096,610.0,72.0,44.0
12096,3700.0,35.0,25.0
12097,3800.0,61.0,32.0
12098,4500.0,68.0,31.0
12099,2250.0,51.0,26.0
12100,5110.0,70.0,30.0
12101,3430.0,63.0,35.0
12102,3430.0,86.0,38.0
12103,2520.0,84.0,42.0
12104,1800.0,59.0,40.0
12105,1050.0,63.0,41.0
12106,1540.0,64.0,35.0
12107,4500.0,60.0,34.0
12107,2520.0,67.0,46.0
12107,2120.0,56.0,35.0
12108,3700.0,51.0,29.0
12109,,72.0,32.0
12110,4600.0,73.0,41.0
12111,750.0,55.0,36.0
12111,1050.0,76.0,37.0
12112,,57.0,34.0
12113,,68.0,35.0
12114,1050.0,75.0,39.0
12114,2250.0,65.0,24.0
12114,4400.0,70.0,37.0
12115,5110.0,59.0,38.0
12115,1050.0,63.0,32.0
12115,200.0,63.0,35.0
12115,4500.0,56.0,29.0
12116,5110.0,63.0,37.0
12117,3410.0,46.0,27.0
12118,,59.0,29.0
12119,2200.0,62.0,41.0
12120,,62.0,39.0
12121,3700.0,62.0,32.0
12121,2310.0,64.0,38.0
12122,,71.0,41.0
12123,810.0,75.0,43.0
12123,2700.0,57.0,24.0
12124,,51.0,35.0
12125,,52.0,28.0
12126,2100.0,59.0,32.0
12127,325.0,61.0,48.0
12128,,56.0,34.0
12129,4900.0,49.0,28.0
12129,1540.0,60.0,23.0
12130,3300.0,67.0,44.0
12131,4400.0,72.0,32.0
12132,1540.0,58.0,28.0
12133,2700.0,60.0,32.0
12134,2510.0,54.0,39.0
12135,3430.0,65.0,40.0
12136,3430.0,55.0,31.0
12137,810.0,72.0,40.0
12138,3000.0,44.0,25.0
12139,,61.0,35.0
12140,2700.0,69.0,38.0
12141,325.0,67.0,42.0
12142,3700.0,97.0,54.0
12142,810.0,69.0,40.0
12143,4400.0,53.0,29.0
12143,2510.0,64.0,39.0
12144,750.0,44.0,27.0
12144,3410.0,64.0,30.0
12145,,55.0,30.0
12146,1050.0,76.0,41.0
12146,3700.0,58.0,38.0
12146,3000.0,64.0,35.0
12146,3410.0,57.0,27.0
12147,3410.0,86.0,45.0
12148,920.0,61.0,35.0
12149,1540.0,87.0,46.0
12150,3000.0,75.0,45.0
12150,1540.0,71.0,43.0
12151,,69.0,35.0
12152,,70.0,35.0
12153,2510.0,42.0,22.0
12153,1050.0,62.0,38.0
12154,920.0,75.0,47.0
12155,1800.0,64.0,34.0
12156,750.0,48.0,28.0
12157,,64.0,43.0
12158,200.0,85.0,47.0
12159,,80.0,44.0
12160,200.0,64.0,30.0
12161,,76.0,44.0
12162,810.0,61.0,30.0
12163,3000.0,45.0,22.0
12164,,54.0,30.0
12165,2100.0,84.0,41.0
12166,2200.0,62.0,34.0
12166,2520.0,62.0,28.0
12167,2310.0,61.0,39.0
12167,4400.0,88.0,51.0
12167,2200.0,85.0,34.0
12168,2510.0,92.0,52.0
12168,1800.0,63.0,31.0
12169,2250.0,69.0,42.0
12170,5110.0,47.0,28.0
12171,2100.0,83.0,43.0
12171,750.0,51.0,29.0
12172,2520.0,68.0,43.0
12172,2250.0,52.0,25.0
12172,610.0,58.0,36.0
12173,,55.0,38.0
12174,2100.0,58.0,37.0
12175,1800.0,59.0,45.0
12176,5110.0,58.0,31.0
12176,4500.0,75.0,45.0
12177,3800.0,52.0,30.0
12177,3430.0,68.0,43.0
12177,1050.0,80.0,42.0
12178,,59.0,32.0
12179,2250.0,56.0,39.0
12179,610.0,62.0,32.0
12180,,79.0,35.0
12181,,67.0,34.0
12182,4900.0,59.0,37.0
12183,2100.0,71.0,45.0
12184,3430.0,52.0,31.0
12184,3700.0,73.0,46.0
12184,3200.0,70.0,31.0
12185,4600.0,61.0,32.0
12186,2120.0,55.0,31.0
12186,1400.0,54.0,31.0
12187,5110.0,71.0,39.0
12187,3900.0,80.0,45.0
12187,1050.0,57.0,31.0
12188,,71.0,39.0
12189,,40.0,26.0
12190,,58.0,29.0
12191,610.0,65.0,35.0
12192,3300.0,54.0,31.0
12192,810.0,54.0,31.0
12192,2520.0,57.0,33.0
12193,,69.0,38.0
12194,,63.0,33.0
12195,920.0,38.0,32.0
12196,610.0,40.0,20.0
12196,2100.0,58.0,30.0
12196,4400.0,70.0,52.0
12197,,32.0,18.0
12198,610.0,59.0,27.0
12199,2510.0,59.0,37.0
12200,1200.0,82.0,32.0
12201,5110.0,60.0,33.0
12202,810.0,70.0,49.0
12202,4900.0,67.0,29.0
12203,,39.0,16.0
12204,810.0,74.0,32.0
12204,4900.0,68.0,42.0
12205,200.0,71.0,44.0
12205,3430.0,100.0,47.0
12205,4900.0,40.0,29.0
12205,2310.0,86.0,51.0
12206,4900.0,62.0,44.0
12207,2310.0,68.0,36.0
12208,1400.0,64.0,24.0
12208,200.0,60.0,30.0
12208,4400.0,58.0,31.0
12209,2120.0,69.0,36.0
12210,4900.0,47.0,28.0
12211,4600.0,74.0,45.0
12212,2310.0,60.0,40.0
12213,4500.0,51.0,30.0
12213,2520.0,60.0,39.0
12213,2120.0,80.0,44.0
12214,2520.0,59.0,34.0
12215,2510.0,69.0,42.0
12216,3430.0,56.0,33.0
12217,2250.0,74.0,50.0
12218,,73.0,32.0
12219,1400.0,87.0,42.0
12220,,63.0,35.0
12221,810.0,73.0,41.0
12222,,66.0,43.0
12223,,81.0,42.0
12224,4500.0,56.0,25.0
12224,1800.0,74.0,44.0
12224,3410.0,63.0,39.0
12225,,64.0,26.0
12226,4600.0,66.0,36.0
12227,2250.0,68.0,29.0
12228,3300.0,64.0,32.0
12228,325.0,68.0,33.0
12228,3410.0,84.0,48.0
12229,4400.0,77.0,41.0
12230,4400.0,75.0,34.0
12231,2100.0,60.0,38.0
12232,3430.0,54.0,24.0
12232,2520.0,76.0,42.0
12232,4500.0,76.0,36.0
12232,610.0,83.0,41.0
12232,3000.0,58.0,36.0
12233,2700.0,62.0,37.0
12233,3430.0,45.0,35.0
12233,610.0,60.0,34.0
12233,2250.0,77.0,42.0
12234,5110.0,59.0,31.0
12235,,73.0,40.0
12236,3800.0,63.0,37.0
12236,4400.0,69.0,37.0
12237,810.0,51.0,21.0
12237,4900.0,66.0,38.0
12238,2310.0,29.0,23.0
12239,4900.0,63.0,32.0
12240,2250.0,45.0,22.0
12240,4900.0,79.0,49.0
12241,3000.0,74.0,42.0
12242,,71.0,37.0
12243,4900.0,83.0,38.0
12244,1200.0,54.0,27.0
12245,810.0,86.0,51.0
12246,810.0,76.0,41.0
12247,3700.0,62.0,32.0
12248,325.0,79.0,44.0
12249,1540.0,52.0,27.0
12250,,55.0,40.0
12251,1400.0,58.0,40.0
12252,1050.0,59.0,31.0
12252,2100.0,52.0,28.0
12253,4900.0,80.0,29.0
12254,,62.0,27.0
12255,3000.0,69.0,31.0
12256,4400.0,58.0,34.0
12256,1050.0,43.0,26.0
12257,,68.0,30.0
12258,4500.0,42.0,25.0
12259,4400.0,64.0,38.0
12259,2520.0,49.0,32.0
12259,3800.0,89.0,36.0
12260,3000.0,76.0,40.0
12261,325.0,66.0,29.0
12262,3410.0,80.0,47.0
12263,4500.0,55.0,36.0
12264,3700.0,72.0,34.0
12264,1540.0,67.0,33.0
12265,3000.0,68.0,35.0
12265,4400.0,80.0,31.0
12266,3430.0,74.0,41.0
12267,810.0,68.0,36.0
12268,1200.0,45.0,33.0
12269,3200.0,53.0,26.0
12269,3700.0,64.0,33.0
12270,,66.0,29.0
12271,3430.0,51.0,25.0
12272,,94.0,42.0
12273,,83.0,48.0
12274,,72.0,35.0
12275,2250.0,66.0,37.0
12276,750.0,62.0,33.0
12277,4400.0,54.0,25.0
12277,2520.0,66.0,36.0
12278,,68.0,40.0
12279,3700.0,50.0,24.0
12280,,69.0,42.0
12281,1400.0,63.0,31.0
12282,3000.0,42.0,24.0
12282,325.0,55.0,35.0
12283,,60.0,31.0
12284,1200.0,88.0,45.0
12285,1400.0,72.0,37.0
12285,2700.0,49.0,30.0
12286,3000.0,71.0,26.0
12287,810.0,46.0,19.0
12287,3410.0,78.0,44.0
12288,,59.0,39.0
12289,,64.0,31.0
12290,2510.0,81.0,41.0
12291,3900.0,50.0,31.0
12292,2250.0,48.0,33.0
12293,1800.0,58.0,23.0
12294,1400.0,77.0,36.0
12295,4900.0,47.0,27.0
12295,3410.0,31.0,26.0
12295,1400.0,60.0,46.0
12295,2100.0,72.0,38.0
12296,4400.0,79.0,35.0
12296,1050.0,59.0,36.0
12296,2100.0,60.0,41.0
12297,,79.0,42.0
12298,200.0,43.0,23.0
12299,,60.0,39.0
12300,810.0,67.0,40.0
12301,,70.0,33.0
12302,,59.0,36.0
12303,750.0,65.0,41.0
12303,2520.0,35.0,30.0
12304,920.0,57.0,32.0
12305,4600.0,70.0,36.0
12306,3430.0,53.0,37.0
12306,2310.0,66.0,30.0
12307,200.0,70.0,40.0
12308,,61.0,28.0
12309,,67.0,42.0
12310,,53.0,30.0
12311,2310.0,63.0,42.0
12311,1400.0,72.0,41.0
12311,810.0,67.0,31.0
12311,4500.0,58.0,40.0
12311,1540.0,68.0,45.0
12312,325.0,74.0,44.0
12313,810.0,40.0,22.0
12314,750.0,79.0,40.0
12315,,61.0,35.0
12316,,70.0,34.0
12317,1050.0,79.0,50.0
12317,810.0,49.0,30.0
12318,2120.0,56.0,19.0
12319,610.0,62.0,36.0
12320,3300.0,56.0,31.0
12321,,86.0,44.0
12322,3800.0,55.0,30.0
12323,2700.0,58.0,37.0
12324,1400.0,67.0,42.0
12325,2520.0,51.0,32.0
12325,4500.0,60.0,32.0
12326,4600.0,69.0,37.0
12327,2100.0,61.0,34.0
12328,3430.0,64.0,32.0
12328,750.0,59.0,36.0
12329,3700.0,47.0,31.0
12330,2700.0,69.0,45.0
12330,2510.0,86.0,51.0
12331,4600.0,65.0,33.0
12332,4900.0,68.0,41.0
12333,4900.0,73.0,34.0
12334,610.0,50.0,33.0
12335,,85.0,41.0
12336,4400.0,67.0,32.0
12337,2510.0,85.0,45.0
12338,2200.0,56.0,19.0
12339,2200.0,87.0,36.0
12340,5110.0,74.0,39.0
12341,1800.0,72.0,39.0
12341,2310.0,68.0,35.0
12342,200.0,62.0,27.0
12343,610.0,79.0,38.0
12344,1400.0,67.0,39.0
12345,2310.0,41.0,29.0
12346,200.0,52.0,31.0
12347,3300.0,63.0,41.0
12348,,69.0,40.0
12349,3700.0,64.0,32.0
12350,3700.0,80.0,41.0
12351,1800.0,42.0,20.0
12352,,67.0,36.0
12353,2100.0,43.0,33.0
12354,,74.0,43.0
12355,920.0,64.0,43.0
12356,1800.0,70.0,36.0
12357,1800.0,55.0,39.0
12358,3430.0,80.0,41.0
12359,,78.0,49.0
12360,,72.0,39.0
12361,3430.0,63.0,39.0
12361,610.0,72.0,46.0
12362,810.0,57.0,32.0
12363,,75.0,41.0
12364,810.0,85.0,50.0
12364,200.0,78.0,41.0
12364,2520.0,56.0,26.0
12365,2520.0,69.0,48.0
12366,200.0,49.0,27.0
12367,610.0,72.0,40.0
12368,2310.0,70.0,44.0
12369,,43.0,24.0
12370,3410.0,51.0,25.0
12371,920.0,62.0,36.0
12372,920.0,61.0,25.0
12373,,50.0,29.0
12374,4500.0,70.0,39.0
12375,1400.0,68.0,36.0
12375,3410.0,63.0,27.0
12376,1050.0,56.0,40.0
12377,2520.0,78.0,42.0
12378,3900.0,85.0,51.0
12378,1050.0,59.0,32.0
12379,4500.0,58.0,29.0
12379,5110.0,71.0,40.0
12380,,61.0,33.0
12381,3300.0,63.0,29.0
12382,810.0,74.0,47.0
12382,2310.0,42.0,24.0
12383,810.0,81.0,33.0
12384,3800.0,66.0,43.0
12384,2100.0,60.0,31.0
12384,3410.0,64.0,33.0
12385,1400.0,65.0,27.0
12386,810.0,44.0,36.0
12386,325.0,83.0,37.0
12387,1800.0,65.0,36.0
12387,2520.0,70.0,43.0
12388,2510.0,76.0,43.0
12389,3410.0,53.0,31.0
12390,1050.0,71.0,30.0
12391,2120.0,62.0,31.0
12392,2510.0,75.0,41.0
12393,,39.0,22.0
12394,3430.0,64.0,37.0
12395,2100.0,58.0,37.0
12396,2250.0,70.0,43.0
12396,810.0,71.0,32.0
12397,1050.0,57.0,44.0
12398,2100.0,56.0,36.0
12399,5110.0,64.0,36.0
12399,200.0,54.0,37.0
12400,3000.0,75.0,52.0
12400,750.0,61.0,27.0
12400,3800.0,30.0,21.0
12401,,61.0,23.0
12402,750.0,53.0,32.0
12403,2700.0,45.0,30.0
12404,4400.0,50.0,30.0
12404,1050.0,66.0,33.0
12404,3000.0,81.0,32.0
12405,4500.0,69.0,39.0
12406,4900.0,58.0,40.0
12407,750.0,70.0,35.0
12407,1050.0,59.0,36.0
12407,3000.0,57.0,25.0
12408,2120.0,51.0,33.0
12409,,44.0,26.0
12410,1400.0,60.0,30.0
12411,,67.0,33.0
12412,,64.0,34.0
12413,,60.0,36.0
12414,200.0,54.0,25.0
12415,,72.0,37.0
12416,2100.0,49.0,29.0
12417,1400.0,74.0,34.0
12417,3700.0,53.0,40.0
12418,3300.0,56.0,28.0
12419,920.0,47.0,25.0
12419,325.0,59.0,29.0
12420,4500.0,77.0,50.0
12420,3000.0,71.0,41.0
12421,1540.0,77.0,36.0
12422,,71.0,44.0
12423,1540.0,52.0,32.0
12423,1200.0,61.0,36.0
12424,3430.0,56.0,31.0
12425,1800.0,81.0,39.0
12425,920.0,51.0,32.0
12426,,76.0,38.0
12427,2520.0,76.0,49.0
12428,,87.0,38.0
12429,3700.0,60.0,42.0
12430,2200.0,74.0,39.0
12431,,92.0,48.0
12432,1540.0,58.0,37.0
12433,1200.0,47.0,26.0
12434,4900.0,42.0,31.0
12435,2310.0,74.0,26.0
12436,1050.0,42.0,23.0
12436,325.0,61.0,30.0
12437,1050.0,70.0,32.0
12438,3200.0,67.0,36.0
12439,,70.0,40.0
12440,325.0,68.0,41.0
12441,3410.0,80.0,43.0
12442,1050.0,54.0,28.0
12443,,57.0,35.0
12444,,56.0,33.0
12445,610.0,75.0,45.0
12446,2520.0,76.0,44.0
12447,3800.0,70.0,38.0
12448,1200.0,79.0,37.0
12449,3300.0,51.0,27.0
12449,2700.0,85.0,41.0
12450,3300.0,83.0,42.0
12451,2120.0,74.0,41.0
12451,2100.0,86.0,48.0
12452,610.0,45.0,28.0
12452,3430.0,59.0,34.0
12453,,56.0,33.0
12454,,74.0,37.0
12455,4900.0,52.0,26.0
12456,3410.0,74.0,31.0
12457,2510.0,81.0,39.0
12458,4500.0,73.0,42.0
12459,2700.0,68.0,34.0
12460,,53.0,30.0
12461,810.0,55.0,34.0
12461,3700.0,80.0,45.0
12462,3200.0,74.0,34.0
12462,5110.0,65.0,41.0
12462,2510.0,60.0,40.0
12463,200.0,41.0,21.0
12464,2200.0,52.0,27.0
12464,1540.0,88.0,51.0
12465,2250.0,50.0,29.0
12465,1050.0,67.0,26.0
12466,,77.0,34.0
12467,2700.0,50.0,29.0
12468,,67.0,31.0
12469,1800.0,76.0,38.0
12470,,65.0,36.0
12471,1400.0,99.0,57.0
12472,,45.0,27.0
12473,2250.0,78.0,47.0
12474,,63.0,42.0
12475,,74.0,47.0
12476,,70.0,39.0
12477,1540.0,56.0,23.0
12477,2510.0,68.0,40.0
12477,3410.0,43.0,32.0
12478,610.0,72.0,38.0
12478,4900.0,69.0,46.0
12479,,73.0,43.0
12480,3700.0,78.0,44.0
12481,,69.0,43.0
12482,4600.0,67.0,38.0
12483,,54.0,19.0
12484,1050.0,56.0,30.0
12484,4900.0,79.0,48.0
12485,750.0,82.0,39.0
12486,3410.0,62.0,34.0
12487,,66.0,31.0
12488,,54.0,41.0
12489,4600.0,79.0,50.0
12489,2250.0,73.0,35.0
12490,1540.0,88.0,46.0
12490,2700.0,54.0,28.0
12490,810.0,60.0,37.0
12491,3700.0,68.0,40.0
12491,1540.0,73.0,43.0
12491,2700.0,62.0,36.0
12492,750.0,55.0,47.0
12493,2520.0,76.0,35.0
12494,325.0,74.0,31.0
12495,,54.0,30.0
12496,1050.0,81.0,35.0
12497,1400.0,79.0,34.0
12498,2100.0,67.0,32.0
12499,3410.0,66.0,32.0
12500,1400.0,72.0,34.0
12501,2510.0,55.0,35.0
12501,610.0,65.0,33.0
12502,4500.0,39.0,25.0
12503,2510.0,76.0,45.0
12504,610.0,46.0,25.0
12504,1050.0,83.0,42.0
12504,2120.0,61.0,36.0
12505,,62.0,25.0
12506,200.0,57.0,21.0
12507,3430.0,62.0,37.0
12507,610.0,82.0,45.0
12508,200.0,35.0,34.0
12508,4900.0,80.0,43.0
12509,3700.0,69.0,42.0
12510,3700.0,51.0,29.0
12511,325.0,52.0,32.0
12512,2510.0,85.0,52.0
12513,,54.0,21.0
12514,200.0,51.0,32.0
12515,325.0,79.0,52.0
12516,2120.0,69.0,39.0
12517,3410.0,54.0,40.0
12518,3410.0,68.0,34.0
12519,,53.0,31.0
12520,3300.0,78.0,41.0
12521,,78.0,30.0
12522,2120.0,71.0,33.0
12523,4900.0,69.0,32.0
12524,1200.0,86.0,49.0
12525,3430.0,65.0,40.0
12525,3300.0,51.0,32.0
12526,,70.0,42.0
12527,610.0,90.0,45.0
12528,610.0,53.0,37.0
12528,2250.0,61.0,34.0
12529,1050.0,70.0,38.0
12530,3800.0,64.0,34.0
12530,4400.0,53.0,35.0
12530,2100.0,78.0,39.0
12531,610.0,93.0,52.0
12532,2200.0,67.0,31.0
12533,3000.0,54.0,26.0
12533,810.0,46.0,32.0
12533,1540.0,68.0,37.0
12534,,78.0,39.0
12535,,71.0,43.0
12536,2250.0,65.0,33.0
12536,610.0,58.0,32.0
12537,1800.0,52.0,38.0
12538,5110.0,75.0,48.0
12539,1800.0,76.0,48.0
12540,4900.0,46.0,27.0
12541,,84.0,50.0
12542,3000.0,72.0,34.0
12543,,82.0,38.0
12544,325.0,49.0,18.0
12545,810.0,49.0,38.0
12545,3410.0,63.0,31.0
12546,325.0,71.0,38.0
12547,750.0,87.0,40.0
12547,3800.0,73.0,43.0
12548,810.0,62.0,33.0
12549,3000.0,53.0,25.0
12549,1540.0,80.0,44.0
12549,2200.0,53.0,24.0
12550,2510.0,85.0,40.0
12550,1050.0,62.0,24.0
12551,,84.0,36.0
12552,3200.0,73.0,40.0
12553,2200.0,63.0,25.0
12554,810.0,59.0,26.0
12555,5110.0,61.0,34.0
12556,,70.0,35.0
12557,4400.0,66.0,46.0
12557,2200.0,58.0,42.0
12557,1400.0,63.0,31.0
12558,2100.0,66.0,39.0
12558,2510.0,39.0,29.0
12558,1050.0,70.0,35.0
12559,4500.0,53.0,24.0
12560,4400.0,51.0,30.0
12561,4500.0,45.0,27.0
12562,325.0,43.0,25.0
12563,1800.0,49.0,32.0
12564,1540.0,56.0,29.0
12565,3700.0,88.0,39.0
12566,2520.0,59.0,34.0
12566,2700.0,67.0,39.0
12566,2100.0,70.0,32.0
12567,1200.0,67.0,41.0
12568,,64.0,27.0
12569,1200.0,51.0,28.0
12570,,82.0,42.0
12571,,87.0,42.0
12572,3300.0,45.0,25.0
12573,2100.0,53.0,41.0
12574,3800.0,62.0,31.0
12575,3700.0,53.0,43.0
12576,2510.0,71.0,41.0
12576,3430.0,56.0,33.0
12577,3900.0,91.0,49.0
12577,1050.0,79.0,54.0
12577,3000.0,68.0,32.0
12577,3800.0,77.0,35.0
12578,1540.0,78.0,37.0
12579,1050.0,58.0,33.0
12580,4400.0,55.0,23.0
12581,2310.0,66.0,37.0
12582,1200.0,75.0,48.0
12583,1200.0,67.0,38.0
12584,2700.0,46.0,27.0
12585,,55.0,29.0
12586,,64.0,40.0
12587,,64.0,31.0
12588,1200.0,89.0,55.0
12589,1800.0,48.0,39.0
12590,1800.0,71.0,40.0
12590,1050.0,83.0,43.0
12591,3700.0,92.0,52.0
12591,1050.0,60.0,39.0
12592,2250.0,71.0,34.0
12593,4500.0,72.0,36.0
12594,3700.0,67.0,30.0
12595,,64.0,38.0
12596,,70.0,41.0
12597,4400.0,35.0,17.0
12598,3300.0,73.0,37.0
12599,1800.0,67.0,30.0
12600,2310.0,62.0,30.0
12601,,90.0,49.0
12602,3000.0,57.0,29.0
12602,2520.0,60.0,32.0
12602,1400.0,89.0,37.0
12603,2520.0,55.0,33.0
12604,610.0,58.0,33.0
12605,,63.0,32.0
12606,2120.0,75.0,39.0
12607,5110.0,67.0,38.0
12607,4500.0,49.0,26.0
12608,,59.0,26.0
12609,1200.0,58.0,42.0
12610,4500.0,64.0,32.0
12611,,70.0,38.0
12612,,70.0,43.0
12613,1050.0,44.0,45.0
12614,1540.0,78.0,35.0
12614,2510.0,68.0,39.0
12615,4600.0,82.0,39.0
12616,2510.0,70.0,35.0
12617,1540.0,78.0,38.0
12617,2250.0,71.0,33.0
12618,3200.0,81.0,42.0
12619,4500.0,71.0,31.0
12620,3300.0,64.0,40.0
12621,200.0,92.0,47.0
12622,4500.0,76.0,43.0
12623,610.0,72.0,36.0
12624,325.0,50.0,28.0
12625,,50.0,31.0
12626,,69.0,32.0
12627,,67.0,35.0
12628,920.0,58.0,29.0
12628,1050.0,67.0,32.0
12629,,84.0,33.0
12630,3430.0,73.0,46.0
12631,5110.0,51.0,27.0
12632,5110.0,64.0,41.0
12633,2310.0,55.0,37.0
12633,1050.0,60.0,28.0
12634,2100.0,60.0,29.0
12634,2510.0,59.0,46.0
12635,2120.0,50.0,39.0
12635,3410.0,63.0,35.0
12635,4500.0,58.0,34.0
12636,3200.0,30.0,19.0
12637,3900.0,90.0,48.0
12637,3800.0,78.0,38.0
12638,2310.0,60.0,24.0
12638,920.0,65.0,29.0
12638,3000.0,51.0,31.0
12639,920.0,85.0,38.0
12639,3000.0,88.0,45.0
12640,3300.0,67.0,31.0
12641,1800.0,77.0,37.0
12642,3700.0,67.0,41.0
12643,2310.0,49.0,31.0
12644,,60.0,34.0
